"arrival_date_month","country","important_event","city_bookings","resort_bookings"
"March","PRT","Spain and Great Britain have started making more reservations and Germany's bookings are closing in on the ammount French has made.<br><br>The sudden increase in Spain can be explained by the fact that on 2016 the timing of <a href=""https://www.eltiempo.es/noticias/semana-santa-2016-cuando-cae-y-por-que-se-adelanta"">Easter</a> was earlier than usual, so we should expect a decrease on the following months",490,586
"February","PRT","People has started to go back to the hotels and we can notice France has surpased spain in ammount of bookings, indicating they have started recovering from the consecuences of the terrorist attack.",469,548
"April","PRT","Portugueses are making less reservations on Resort Hotel and french have increased drastically their ammount of bookings for City Hotel.<br><br>Germany on the other hand has also suffered an increase in reservations in both hotels.<br><br>As expected, the ammount of bookings from Spain has decreased.",501,437
"June","PRT","Tourism from Portugal and Germany increases. In both cases there is a lot of difference between ammount of bookings from City and Resort Hotel.",622,208
"May","PRT","Great Britain becomes again the country with most Resort Hotel Bookings.",523,293
"July","PRT","The Portuguese football team is European champion, which will probably bring visibility to Portugal and, therefore, more reservations from countries where the sport is popular, like Spain.",492,298
"October","GBR","MAAT, the Museum of Art, Architecture and Technology opens in Lisbon. A museum located on the banks of the Tagus and easily recognizable with its futuristic building with white corrugated roof.<br><br>This increased the ammount of bookings from Great Britain, Germany, France and Spain. Being Great Britain the only foreign country that has booked more rooms in Resort Hotel than in City Hotel.",195,537
"December","PRT","The ammount of bookings from Germany has drastically decreased with respect to the previous month.",292,430
"January","PRT","Torusim decreases from previous year showing that people still has fear to travel.",307,373
"August","PRT","Bookings from Portugal in City Hotel drastically decrease.<br><br>On the other hand and probably due to the popularity of football in this country, there has been an increase in bookings from Spain in both hotels.",215,423
"November","PRT","Lisbon becomes the venue for the Web Summit, the unmissable “tech and internet” event that has been running since 2009. For the first five years, the event was held in Dublin, Ireland. From 2016, Lisbon, Portugal, was chosen to host the event.<br><br>However this did not translate into an increase in bookings as the ammount of bookings for each country has decreased with respect to the previous month.",279,346
"September","GBR","The ammount of bookings from portugal have decreased to the point that this is the first month in all the plot where it is not the country with more bookings.<br><br>On the other hand, the ammount of bookings from Great Britain have increased.",261,338
"September","PRT","The ammount of bookings from portugal have decreased to the point that this is the first month in all the plot where it is not the country with more bookings.<br><br>On the other hand, the ammount of bookings from Great Britain have increased.",386,211
"May","GBR","Great Britain becomes again the country with most Resort Hotel Bookings.",171,381
"October","PRT","MAAT, the Museum of Art, Architecture and Technology opens in Lisbon. A museum located on the banks of the Tagus and easily recognizable with its futuristic building with white corrugated roof.<br><br>This increased the ammount of bookings from Great Britain, Germany, France and Spain. Being Great Britain the only foreign country that has booked more rooms in Resort Hotel than in City Hotel.",253,286
"October","DEU","MAAT, the Museum of Art, Architecture and Technology opens in Lisbon. A museum located on the banks of the Tagus and easily recognizable with its futuristic building with white corrugated roof.<br><br>This increased the ammount of bookings from Great Britain, Germany, France and Spain. Being Great Britain the only foreign country that has booked more rooms in Resort Hotel than in City Hotel.",448,49
"June","GBR","Tourism from Portugal and Germany increases. In both cases there is a lot of difference between ammount of bookings from City and Resort Hotel.",143,332
"October","FRA","MAAT, the Museum of Art, Architecture and Technology opens in Lisbon. A museum located on the banks of the Tagus and easily recognizable with its futuristic building with white corrugated roof.<br><br>This increased the ammount of bookings from Great Britain, Germany, France and Spain. Being Great Britain the only foreign country that has booked more rooms in Resort Hotel than in City Hotel.",429,43
"May","FRA","Great Britain becomes again the country with most Resort Hotel Bookings.",392,76
"March","ESP","Spain and Great Britain have started making more reservations and Germany's bookings are closing in on the ammount French has made.<br><br>The sudden increase in Spain can be explained by the fact that on 2016 the timing of <a href=""https://www.eltiempo.es/noticias/semana-santa-2016-cuando-cae-y-por-que-se-adelanta"">Easter</a> was earlier than usual, so we should expect a decrease on the following months",205,258
"August","FRA","Bookings from Portugal in City Hotel drastically decrease.<br><br>On the other hand and probably due to the popularity of football in this country, there has been an increase in bookings from Spain in both hotels.",385,57
"November","FRA","Lisbon becomes the venue for the Web Summit, the unmissable “tech and internet” event that has been running since 2009. For the first five years, the event was held in Dublin, Ireland. From 2016, Lisbon, Portugal, was chosen to host the event.<br><br>However this did not translate into an increase in bookings as the ammount of bookings for each country has decreased with respect to the previous month.",314,127
"April","FRA","Portugueses are making less reservations on Resort Hotel and french have increased drastically their ammount of bookings for City Hotel.<br><br>Germany on the other hand has also suffered an increase in reservations in both hotels.<br><br>As expected, the ammount of bookings from Spain has decreased.",367,63
"August","ESP","Bookings from Portugal in City Hotel drastically decrease.<br><br>On the other hand and probably due to the popularity of football in this country, there has been an increase in bookings from Spain in both hotels.",237,182
"May","DEU","Great Britain becomes again the country with most Resort Hotel Bookings.",246,148
"April","DEU","Portugueses are making less reservations on Resort Hotel and french have increased drastically their ammount of bookings for City Hotel.<br><br>Germany on the other hand has also suffered an increase in reservations in both hotels.<br><br>As expected, the ammount of bookings from Spain has decreased.",211,171
"September","DEU","The ammount of bookings from portugal have decreased to the point that this is the first month in all the plot where it is not the country with more bookings.<br><br>On the other hand, the ammount of bookings from Great Britain have increased.",353,28
"July","GBR","The Portuguese football team is European champion, which will probably bring visibility to Portugal and, therefore, more reservations from countries where the sport is popular, like Spain.",191,176
"April","GBR","Portugueses are making less reservations on Resort Hotel and french have increased drastically their ammount of bookings for City Hotel.<br><br>Germany on the other hand has also suffered an increase in reservations in both hotels.<br><br>As expected, the ammount of bookings from Spain has decreased.",124,234
"December","FRA","The ammount of bookings from Germany has drastically decreased with respect to the previous month.",247,97
"August","GBR","Bookings from Portugal in City Hotel drastically decrease.<br><br>On the other hand and probably due to the popularity of football in this country, there has been an increase in bookings from Spain in both hotels.",193,145
"August","DEU","Bookings from Portugal in City Hotel drastically decrease.<br><br>On the other hand and probably due to the popularity of football in this country, there has been an increase in bookings from Spain in both hotels.",314,21
"June","DEU","Tourism from Portugal and Germany increases. In both cases there is a lot of difference between ammount of bookings from City and Resort Hotel.",299,34
"June","FRA","Tourism from Portugal and Germany increases. In both cases there is a lot of difference between ammount of bookings from City and Resort Hotel.",303,27
"March","GBR","Spain and Great Britain have started making more reservations and Germany's bookings are closing in on the ammount French has made.<br><br>The sudden increase in Spain can be explained by the fact that on 2016 the timing of <a href=""https://www.eltiempo.es/noticias/semana-santa-2016-cuando-cae-y-por-que-se-adelanta"">Easter</a> was earlier than usual, so we should expect a decrease on the following months",111,218
"December","ESP","The ammount of bookings from Germany has drastically decreased with respect to the previous month.",158,152
"July","FRA","The Portuguese football team is European champion, which will probably bring visibility to Portugal and, therefore, more reservations from countries where the sport is popular, like Spain.",283,25
"September","FRA","The ammount of bookings from portugal have decreased to the point that this is the first month in all the plot where it is not the country with more bookings.<br><br>On the other hand, the ammount of bookings from Great Britain have increased.",277,27
"November","GBR","Lisbon becomes the venue for the Web Summit, the unmissable “tech and internet” event that has been running since 2009. For the first five years, the event was held in Dublin, Ireland. From 2016, Lisbon, Portugal, was chosen to host the event.<br><br>However this did not translate into an increase in bookings as the ammount of bookings for each country has decreased with respect to the previous month.",136,160
"February","FRA","People has started to go back to the hotels and we can notice France has surpased spain in ammount of bookings, indicating they have started recovering from the consecuences of the terrorist attack.",242,47
"March","FRA","Spain and Great Britain have started making more reservations and Germany's bookings are closing in on the ammount French has made.<br><br>The sudden increase in Spain can be explained by the fact that on 2016 the timing of <a href=""https://www.eltiempo.es/noticias/semana-santa-2016-cuando-cae-y-por-que-se-adelanta"">Easter</a> was earlier than usual, so we should expect a decrease on the following months",249,27
"February","ESP","People has started to go back to the hotels and we can notice France has surpased spain in ammount of bookings, indicating they have started recovering from the consecuences of the terrorist attack.",92,178
"July","DEU","The Portuguese football team is European champion, which will probably bring visibility to Portugal and, therefore, more reservations from countries where the sport is popular, like Spain.",241,20
"March","DEU","Spain and Great Britain have started making more reservations and Germany's bookings are closing in on the ammount French has made.<br><br>The sudden increase in Spain can be explained by the fact that on 2016 the timing of <a href=""https://www.eltiempo.es/noticias/semana-santa-2016-cuando-cae-y-por-que-se-adelanta"">Easter</a> was earlier than usual, so we should expect a decrease on the following months",199,52
"July","ESP","The Portuguese football team is European champion, which will probably bring visibility to Portugal and, therefore, more reservations from countries where the sport is popular, like Spain.",108,106
"February","GBR","People has started to go back to the hotels and we can notice France has surpased spain in ammount of bookings, indicating they have started recovering from the consecuences of the terrorist attack.",66,142
"October","ESP","MAAT, the Museum of Art, Architecture and Technology opens in Lisbon. A museum located on the banks of the Tagus and easily recognizable with its futuristic building with white corrugated roof.<br><br>This increased the ammount of bookings from Great Britain, Germany, France and Spain. Being Great Britain the only foreign country that has booked more rooms in Resort Hotel than in City Hotel.",121,80
"September","ITA","The ammount of bookings from portugal have decreased to the point that this is the first month in all the plot where it is not the country with more bookings.<br><br>On the other hand, the ammount of bookings from Great Britain have increased.",182,11
"May","IRL","Great Britain becomes again the country with most Resort Hotel Bookings.",41,142
"November","ESP","Lisbon becomes the venue for the Web Summit, the unmissable “tech and internet” event that has been running since 2009. For the first five years, the event was held in Dublin, Ireland. From 2016, Lisbon, Portugal, was chosen to host the event.<br><br>However this did not translate into an increase in bookings as the ammount of bookings for each country has decreased with respect to the previous month.",112,70
"September","ESP","The ammount of bookings from portugal have decreased to the point that this is the first month in all the plot where it is not the country with more bookings.<br><br>On the other hand, the ammount of bookings from Great Britain have increased.",116,63
"December","GBR","The ammount of bookings from Germany has drastically decreased with respect to the previous month.",45,133
"April","ESP","Portugueses are making less reservations on Resort Hotel and french have increased drastically their ammount of bookings for City Hotel.<br><br>Germany on the other hand has also suffered an increase in reservations in both hotels.<br><br>As expected, the ammount of bookings from Spain has decreased.",68,108
"November","DEU","Lisbon becomes the venue for the Web Summit, the unmissable “tech and internet” event that has been running since 2009. For the first five years, the event was held in Dublin, Ireland. From 2016, Lisbon, Portugal, was chosen to host the event.<br><br>However this did not translate into an increase in bookings as the ammount of bookings for each country has decreased with respect to the previous month.",115,49
"September","IRL","The ammount of bookings from portugal have decreased to the point that this is the first month in all the plot where it is not the country with more bookings.<br><br>On the other hand, the ammount of bookings from Great Britain have increased.",37,118
"May","AUT","Great Britain becomes again the country with most Resort Hotel Bookings.",138,11
"August","ITA","Bookings from Portugal in City Hotel drastically decrease.<br><br>On the other hand and probably due to the popularity of football in this country, there has been an increase in bookings from Spain in both hotels.",118,30
"January","ESP","Torusim decreases from previous year showing that people still has fear to travel.",62,81
"October","IRL","MAAT, the Museum of Art, Architecture and Technology opens in Lisbon. A museum located on the banks of the Tagus and easily recognizable with its futuristic building with white corrugated roof.<br><br>This increased the ammount of bookings from Great Britain, Germany, France and Spain. Being Great Britain the only foreign country that has booked more rooms in Resort Hotel than in City Hotel.",35,98
"December","BRA","The ammount of bookings from Germany has drastically decreased with respect to the previous month.",122,10
"June","ESP","Tourism from Portugal and Germany increases. In both cases there is a lot of difference between ammount of bookings from City and Resort Hotel.",89,43
"January","FRA","Torusim decreases from previous year showing that people still has fear to travel.",105,26
"May","ESP","Great Britain becomes again the country with most Resort Hotel Bookings.",74,54
"June","IRL","Tourism from Portugal and Germany increases. In both cases there is a lot of difference between ammount of bookings from City and Resort Hotel.",26,97
"April","IRL","Portugueses are making less reservations on Resort Hotel and french have increased drastically their ammount of bookings for City Hotel.<br><br>Germany on the other hand has also suffered an increase in reservations in both hotels.<br><br>As expected, the ammount of bookings from Spain has decreased.",26,96
"April","ITA","Portugueses are making less reservations on Resort Hotel and french have increased drastically their ammount of bookings for City Hotel.<br><br>Germany on the other hand has also suffered an increase in reservations in both hotels.<br><br>As expected, the ammount of bookings from Spain has decreased.",111,7
"July","BEL","The Portuguese football team is European champion, which will probably bring visibility to Portugal and, therefore, more reservations from countries where the sport is popular, like Spain.",105,12
"August","BEL","Bookings from Portugal in City Hotel drastically decrease.<br><br>On the other hand and probably due to the popularity of football in this country, there has been an increase in bookings from Spain in both hotels.",111,3
"December","ITA","The ammount of bookings from Germany has drastically decreased with respect to the previous month.",102,11
"February","DEU","People has started to go back to the hotels and we can notice France has surpased spain in ammount of bookings, indicating they have started recovering from the consecuences of the terrorist attack.",89,23
"January","GBR","Torusim decreases from previous year showing that people still has fear to travel.",40,69
"September","BEL","The ammount of bookings from portugal have decreased to the point that this is the first month in all the plot where it is not the country with more bookings.<br><br>On the other hand, the ammount of bookings from Great Britain have increased.",88,21
"July","IRL","The Portuguese football team is European champion, which will probably bring visibility to Portugal and, therefore, more reservations from countries where the sport is popular, like Spain.",44,62
"November","ITA","Lisbon becomes the venue for the Web Summit, the unmissable “tech and internet” event that has been running since 2009. For the first five years, the event was held in Dublin, Ireland. From 2016, Lisbon, Portugal, was chosen to host the event.<br><br>However this did not translate into an increase in bookings as the ammount of bookings for each country has decreased with respect to the previous month.",88,17
"October","BEL","MAAT, the Museum of Art, Architecture and Technology opens in Lisbon. A museum located on the banks of the Tagus and easily recognizable with its futuristic building with white corrugated roof.<br><br>This increased the ammount of bookings from Great Britain, Germany, France and Spain. Being Great Britain the only foreign country that has booked more rooms in Resort Hotel than in City Hotel.",80,25
"April","NLD","Portugueses are making less reservations on Resort Hotel and french have increased drastically their ammount of bookings for City Hotel.<br><br>Germany on the other hand has also suffered an increase in reservations in both hotels.<br><br>As expected, the ammount of bookings from Spain has decreased.",67,33
"August","NLD","Bookings from Portugal in City Hotel drastically decrease.<br><br>On the other hand and probably due to the popularity of football in this country, there has been an increase in bookings from Spain in both hotels.",89,11
"May","ITA","Great Britain becomes again the country with most Resort Hotel Bookings.",88,11
"September","USA","The ammount of bookings from portugal have decreased to the point that this is the first month in all the plot where it is not the country with more bookings.<br><br>On the other hand, the ammount of bookings from Great Britain have increased.",75,23
"November","NLD","Lisbon becomes the venue for the Web Summit, the unmissable “tech and internet” event that has been running since 2009. For the first five years, the event was held in Dublin, Ireland. From 2016, Lisbon, Portugal, was chosen to host the event.<br><br>However this did not translate into an increase in bookings as the ammount of bookings for each country has decreased with respect to the previous month.",67,30
"March","ITA","Spain and Great Britain have started making more reservations and Germany's bookings are closing in on the ammount French has made.<br><br>The sudden increase in Spain can be explained by the fact that on 2016 the timing of <a href=""https://www.eltiempo.es/noticias/semana-santa-2016-cuando-cae-y-por-que-se-adelanta"">Easter</a> was earlier than usual, so we should expect a decrease on the following months",81,15
"June","USA","Tourism from Portugal and Germany increases. In both cases there is a lot of difference between ammount of bookings from City and Resort Hotel.",71,24
"October","CHE","MAAT, the Museum of Art, Architecture and Technology opens in Lisbon. A museum located on the banks of the Tagus and easily recognizable with its futuristic building with white corrugated roof.<br><br>This increased the ammount of bookings from Great Britain, Germany, France and Spain. Being Great Britain the only foreign country that has booked more rooms in Resort Hotel than in City Hotel.",82,10
"October","USA","MAAT, the Museum of Art, Architecture and Technology opens in Lisbon. A museum located on the banks of the Tagus and easily recognizable with its futuristic building with white corrugated roof.<br><br>This increased the ammount of bookings from Great Britain, Germany, France and Spain. Being Great Britain the only foreign country that has booked more rooms in Resort Hotel than in City Hotel.",68,22
"July","USA","The Portuguese football team is European champion, which will probably bring visibility to Portugal and, therefore, more reservations from countries where the sport is popular, like Spain.",57,32
"October","ITA","MAAT, the Museum of Art, Architecture and Technology opens in Lisbon. A museum located on the banks of the Tagus and easily recognizable with its futuristic building with white corrugated roof.<br><br>This increased the ammount of bookings from Great Britain, Germany, France and Spain. Being Great Britain the only foreign country that has booked more rooms in Resort Hotel than in City Hotel.",77,12
"September","CN","The ammount of bookings from portugal have decreased to the point that this is the first month in all the plot where it is not the country with more bookings.<br><br>On the other hand, the ammount of bookings from Great Britain have increased.",22,67
"April","BEL","Portugueses are making less reservations on Resort Hotel and french have increased drastically their ammount of bookings for City Hotel.<br><br>Germany on the other hand has also suffered an increase in reservations in both hotels.<br><br>As expected, the ammount of bookings from Spain has decreased.",61,25
"December","DEU","The ammount of bookings from Germany has drastically decreased with respect to the previous month.",72,12
"July","NLD","The Portuguese football team is European champion, which will probably bring visibility to Portugal and, therefore, more reservations from countries where the sport is popular, like Spain.",69,15
"October","SWE","MAAT, the Museum of Art, Architecture and Technology opens in Lisbon. A museum located on the banks of the Tagus and easily recognizable with its futuristic building with white corrugated roof.<br><br>This increased the ammount of bookings from Great Britain, Germany, France and Spain. Being Great Britain the only foreign country that has booked more rooms in Resort Hotel than in City Hotel.",44,39
"June","NLD","Tourism from Portugal and Germany increases. In both cases there is a lot of difference between ammount of bookings from City and Resort Hotel.",71,11
"August","IRL","Bookings from Portugal in City Hotel drastically decrease.<br><br>On the other hand and probably due to the popularity of football in this country, there has been an increase in bookings from Spain in both hotels.",29,52
"January","ITA","Torusim decreases from previous year showing that people still has fear to travel.",67,14
"March","BEL","Spain and Great Britain have started making more reservations and Germany's bookings are closing in on the ammount French has made.<br><br>The sudden increase in Spain can be explained by the fact that on 2016 the timing of <a href=""https://www.eltiempo.es/noticias/semana-santa-2016-cuando-cae-y-por-que-se-adelanta"">Easter</a> was earlier than usual, so we should expect a decrease on the following months",64,17
"November","IRL","Lisbon becomes the venue for the Web Summit, the unmissable “tech and internet” event that has been running since 2009. For the first five years, the event was held in Dublin, Ireland. From 2016, Lisbon, Portugal, was chosen to host the event.<br><br>However this did not translate into an increase in bookings as the ammount of bookings for each country has decreased with respect to the previous month.",31,50
"May","NLD","Great Britain becomes again the country with most Resort Hotel Bookings.",59,21
"October","NLD","MAAT, the Museum of Art, Architecture and Technology opens in Lisbon. A museum located on the banks of the Tagus and easily recognizable with its futuristic building with white corrugated roof.<br><br>This increased the ammount of bookings from Great Britain, Germany, France and Spain. Being Great Britain the only foreign country that has booked more rooms in Resort Hotel than in City Hotel.",58,22
"July","CHE","The Portuguese football team is European champion, which will probably bring visibility to Portugal and, therefore, more reservations from countries where the sport is popular, like Spain.",55,22
"November","BEL","Lisbon becomes the venue for the Web Summit, the unmissable “tech and internet” event that has been running since 2009. For the first five years, the event was held in Dublin, Ireland. From 2016, Lisbon, Portugal, was chosen to host the event.<br><br>However this did not translate into an increase in bookings as the ammount of bookings for each country has decreased with respect to the previous month.",58,18
"January","DEU","Torusim decreases from previous year showing that people still has fear to travel.",60,15
"July","ITA","The Portuguese football team is European champion, which will probably bring visibility to Portugal and, therefore, more reservations from countries where the sport is popular, like Spain.",61,14
"July","CN","The Portuguese football team is European champion, which will probably bring visibility to Portugal and, therefore, more reservations from countries where the sport is popular, like Spain.",32,42
"April","CHE","Portugueses are making less reservations on Resort Hotel and french have increased drastically their ammount of bookings for City Hotel.<br><br>Germany on the other hand has also suffered an increase in reservations in both hotels.<br><br>As expected, the ammount of bookings from Spain has decreased.",65,8
"September","NLD","The ammount of bookings from portugal have decreased to the point that this is the first month in all the plot where it is not the country with more bookings.<br><br>On the other hand, the ammount of bookings from Great Britain have increased.",57,16
"September","BRA","The ammount of bookings from portugal have decreased to the point that this is the first month in all the plot where it is not the country with more bookings.<br><br>On the other hand, the ammount of bookings from Great Britain have increased.",63,7
"May","BEL","Great Britain becomes again the country with most Resort Hotel Bookings.",57,12
"September","CHE","The ammount of bookings from portugal have decreased to the point that this is the first month in all the plot where it is not the country with more bookings.<br><br>On the other hand, the ammount of bookings from Great Britain have increased.",45,24
"February","NLD","People has started to go back to the hotels and we can notice France has surpased spain in ammount of bookings, indicating they have started recovering from the consecuences of the terrorist attack.",44,24
"October","BRA","MAAT, the Museum of Art, Architecture and Technology opens in Lisbon. A museum located on the banks of the Tagus and easily recognizable with its futuristic building with white corrugated roof.<br><br>This increased the ammount of bookings from Great Britain, Germany, France and Spain. Being Great Britain the only foreign country that has booked more rooms in Resort Hotel than in City Hotel.",52,16
"June","SRB","Tourism from Portugal and Germany increases. In both cases there is a lot of difference between ammount of bookings from City and Resort Hotel.",65,0
"March","IRL","Spain and Great Britain have started making more reservations and Germany's bookings are closing in on the ammount French has made.<br><br>The sudden increase in Spain can be explained by the fact that on 2016 the timing of <a href=""https://www.eltiempo.es/noticias/semana-santa-2016-cuando-cae-y-por-que-se-adelanta"">Easter</a> was earlier than usual, so we should expect a decrease on the following months",34,31
"April","AUT","Portugueses are making less reservations on Resort Hotel and french have increased drastically their ammount of bookings for City Hotel.<br><br>Germany on the other hand has also suffered an increase in reservations in both hotels.<br><br>As expected, the ammount of bookings from Spain has decreased.",62,2
"May","CHE","Great Britain becomes again the country with most Resort Hotel Bookings.",47,17
"March","NLD","Spain and Great Britain have started making more reservations and Germany's bookings are closing in on the ammount French has made.<br><br>The sudden increase in Spain can be explained by the fact that on 2016 the timing of <a href=""https://www.eltiempo.es/noticias/semana-santa-2016-cuando-cae-y-por-que-se-adelanta"">Easter</a> was earlier than usual, so we should expect a decrease on the following months",41,22
"November","POL","Lisbon becomes the venue for the Web Summit, the unmissable “tech and internet” event that has been running since 2009. For the first five years, the event was held in Dublin, Ireland. From 2016, Lisbon, Portugal, was chosen to host the event.<br><br>However this did not translate into an increase in bookings as the ammount of bookings for each country has decreased with respect to the previous month.",36,27
"October","CN","MAAT, the Museum of Art, Architecture and Technology opens in Lisbon. A museum located on the banks of the Tagus and easily recognizable with its futuristic building with white corrugated roof.<br><br>This increased the ammount of bookings from Great Britain, Germany, France and Spain. Being Great Britain the only foreign country that has booked more rooms in Resort Hotel than in City Hotel.",22,40
"April","USA","Portugueses are making less reservations on Resort Hotel and french have increased drastically their ammount of bookings for City Hotel.<br><br>Germany on the other hand has also suffered an increase in reservations in both hotels.<br><br>As expected, the ammount of bookings from Spain has decreased.",45,16
"June","CHE","Tourism from Portugal and Germany increases. In both cases there is a lot of difference between ammount of bookings from City and Resort Hotel.",48,13
"March","USA","Spain and Great Britain have started making more reservations and Germany's bookings are closing in on the ammount French has made.<br><br>The sudden increase in Spain can be explained by the fact that on 2016 the timing of <a href=""https://www.eltiempo.es/noticias/semana-santa-2016-cuando-cae-y-por-que-se-adelanta"">Easter</a> was earlier than usual, so we should expect a decrease on the following months",59,2
"May","USA","Great Britain becomes again the country with most Resort Hotel Bookings.",46,15
"August","USA","Bookings from Portugal in City Hotel drastically decrease.<br><br>On the other hand and probably due to the popularity of football in this country, there has been an increase in bookings from Spain in both hotels.",40,20
"June","BEL","Tourism from Portugal and Germany increases. In both cases there is a lot of difference between ammount of bookings from City and Resort Hotel.",50,10
"November","BRA","Lisbon becomes the venue for the Web Summit, the unmissable “tech and internet” event that has been running since 2009. For the first five years, the event was held in Dublin, Ireland. From 2016, Lisbon, Portugal, was chosen to host the event.<br><br>However this did not translate into an increase in bookings as the ammount of bookings for each country has decreased with respect to the previous month.",49,11
"February","ITA","People has started to go back to the hotels and we can notice France has surpased spain in ammount of bookings, indicating they have started recovering from the consecuences of the terrorist attack.",56,2
"June","ITA","Tourism from Portugal and Germany increases. In both cases there is a lot of difference between ammount of bookings from City and Resort Hotel.",51,7
"January","BRA","Torusim decreases from previous year showing that people still has fear to travel.",45,11
"June","POL","Tourism from Portugal and Germany increases. In both cases there is a lot of difference between ammount of bookings from City and Resort Hotel.",16,39
"November","CHE","Lisbon becomes the venue for the Web Summit, the unmissable “tech and internet” event that has been running since 2009. For the first five years, the event was held in Dublin, Ireland. From 2016, Lisbon, Portugal, was chosen to host the event.<br><br>However this did not translate into an increase in bookings as the ammount of bookings for each country has decreased with respect to the previous month.",45,10
"July","AUT","The Portuguese football team is European champion, which will probably bring visibility to Portugal and, therefore, more reservations from countries where the sport is popular, like Spain.",51,3
"July","NOR","The Portuguese football team is European champion, which will probably bring visibility to Portugal and, therefore, more reservations from countries where the sport is popular, like Spain.",37,17
"December","IRL","The ammount of bookings from Germany has drastically decreased with respect to the previous month.",19,33
"May","BRA","Great Britain becomes again the country with most Resort Hotel Bookings.",38,14
"March","CHE","Spain and Great Britain have started making more reservations and Germany's bookings are closing in on the ammount French has made.<br><br>The sudden increase in Spain can be explained by the fact that on 2016 the timing of <a href=""https://www.eltiempo.es/noticias/semana-santa-2016-cuando-cae-y-por-que-se-adelanta"">Easter</a> was earlier than usual, so we should expect a decrease on the following months",48,3
"April","BRA","Portugueses are making less reservations on Resort Hotel and french have increased drastically their ammount of bookings for City Hotel.<br><br>Germany on the other hand has also suffered an increase in reservations in both hotels.<br><br>As expected, the ammount of bookings from Spain has decreased.",42,7
"August","CHE","Bookings from Portugal in City Hotel drastically decrease.<br><br>On the other hand and probably due to the popularity of football in this country, there has been an increase in bookings from Spain in both hotels.",27,21
"February","AUT","People has started to go back to the hotels and we can notice France has surpased spain in ammount of bookings, indicating they have started recovering from the consecuences of the terrorist attack.",46,2
"August","AUT","Bookings from Portugal in City Hotel drastically decrease.<br><br>On the other hand and probably due to the popularity of football in this country, there has been an increase in bookings from Spain in both hotels.",45,2
"July","SWE","The Portuguese football team is European champion, which will probably bring visibility to Portugal and, therefore, more reservations from countries where the sport is popular, like Spain.",36,11
"December","NLD","The ammount of bookings from Germany has drastically decreased with respect to the previous month.",30,16
"March","AUT","Spain and Great Britain have started making more reservations and Germany's bookings are closing in on the ammount French has made.<br><br>The sudden increase in Spain can be explained by the fact that on 2016 the timing of <a href=""https://www.eltiempo.es/noticias/semana-santa-2016-cuando-cae-y-por-que-se-adelanta"">Easter</a> was earlier than usual, so we should expect a decrease on the following months",38,6
"May","CN","Great Britain becomes again the country with most Resort Hotel Bookings.",28,16
"March","BRA","Spain and Great Britain have started making more reservations and Germany's bookings are closing in on the ammount French has made.<br><br>The sudden increase in Spain can be explained by the fact that on 2016 the timing of <a href=""https://www.eltiempo.es/noticias/semana-santa-2016-cuando-cae-y-por-que-se-adelanta"">Easter</a> was earlier than usual, so we should expect a decrease on the following months",35,8
"October","AUT","MAAT, the Museum of Art, Architecture and Technology opens in Lisbon. A museum located on the banks of the Tagus and easily recognizable with its futuristic building with white corrugated roof.<br><br>This increased the ammount of bookings from Great Britain, Germany, France and Spain. Being Great Britain the only foreign country that has booked more rooms in Resort Hotel than in City Hotel.",32,11
"August","CN","Bookings from Portugal in City Hotel drastically decrease.<br><br>On the other hand and probably due to the popularity of football in this country, there has been an increase in bookings from Spain in both hotels.",20,22
"September","POL","The ammount of bookings from portugal have decreased to the point that this is the first month in all the plot where it is not the country with more bookings.<br><br>On the other hand, the ammount of bookings from Great Britain have increased.",24,18
"December","USA","The ammount of bookings from Germany has drastically decreased with respect to the previous month.",29,12
"March","POL","Spain and Great Britain have started making more reservations and Germany's bookings are closing in on the ammount French has made.<br><br>The sudden increase in Spain can be explained by the fact that on 2016 the timing of <a href=""https://www.eltiempo.es/noticias/semana-santa-2016-cuando-cae-y-por-que-se-adelanta"">Easter</a> was earlier than usual, so we should expect a decrease on the following months",30,11
"April","POL","Portugueses are making less reservations on Resort Hotel and french have increased drastically their ammount of bookings for City Hotel.<br><br>Germany on the other hand has also suffered an increase in reservations in both hotels.<br><br>As expected, the ammount of bookings from Spain has decreased.",29,11
"February","BEL","People has started to go back to the hotels and we can notice France has surpased spain in ammount of bookings, indicating they have started recovering from the consecuences of the terrorist attack.",36,4
"June","BRA","Tourism from Portugal and Germany increases. In both cases there is a lot of difference between ammount of bookings from City and Resort Hotel.",24,16
"June","SWE","Tourism from Portugal and Germany increases. In both cases there is a lot of difference between ammount of bookings from City and Resort Hotel.",20,20
"September","CHN","The ammount of bookings from portugal have decreased to the point that this is the first month in all the plot where it is not the country with more bookings.<br><br>On the other hand, the ammount of bookings from Great Britain have increased.",38,2
"November","USA","Lisbon becomes the venue for the Web Summit, the unmissable “tech and internet” event that has been running since 2009. For the first five years, the event was held in Dublin, Ireland. From 2016, Lisbon, Portugal, was chosen to host the event.<br><br>However this did not translate into an increase in bookings as the ammount of bookings for each country has decreased with respect to the previous month.",33,6
"February","IRL","People has started to go back to the hotels and we can notice France has surpased spain in ammount of bookings, indicating they have started recovering from the consecuences of the terrorist attack.",9,28
"September","AUT","The ammount of bookings from portugal have decreased to the point that this is the first month in all the plot where it is not the country with more bookings.<br><br>On the other hand, the ammount of bookings from Great Britain have increased.",29,8
"July","BRA","The Portuguese football team is European champion, which will probably bring visibility to Portugal and, therefore, more reservations from countries where the sport is popular, like Spain.",22,14
"November","CHN","Lisbon becomes the venue for the Web Summit, the unmissable “tech and internet” event that has been running since 2009. For the first five years, the event was held in Dublin, Ireland. From 2016, Lisbon, Portugal, was chosen to host the event.<br><br>However this did not translate into an increase in bookings as the ammount of bookings for each country has decreased with respect to the previous month.",34,2
"August","BRA","Bookings from Portugal in City Hotel drastically decrease.<br><br>On the other hand and probably due to the popularity of football in this country, there has been an increase in bookings from Spain in both hotels.",20,15
"December","BEL","The ammount of bookings from Germany has drastically decreased with respect to the previous month.",21,14
"December","CHE","The ammount of bookings from Germany has drastically decreased with respect to the previous month.",32,3
"February","BRA","People has started to go back to the hotels and we can notice France has surpased spain in ammount of bookings, indicating they have started recovering from the consecuences of the terrorist attack.",31,4
"February","CHN","People has started to go back to the hotels and we can notice France has surpased spain in ammount of bookings, indicating they have started recovering from the consecuences of the terrorist attack.",27,7
"June","AUT","Tourism from Portugal and Germany increases. In both cases there is a lot of difference between ammount of bookings from City and Resort Hotel.",31,2
"November","NOR","Lisbon becomes the venue for the Web Summit, the unmissable “tech and internet” event that has been running since 2009. For the first five years, the event was held in Dublin, Ireland. From 2016, Lisbon, Portugal, was chosen to host the event.<br><br>However this did not translate into an increase in bookings as the ammount of bookings for each country has decreased with respect to the previous month.",29,4
"August","ROU","Bookings from Portugal in City Hotel drastically decrease.<br><br>On the other hand and probably due to the popularity of football in this country, there has been an increase in bookings from Spain in both hotels.",16,15
"December","SWE","The ammount of bookings from Germany has drastically decreased with respect to the previous month.",28,3
"February","CHE","People has started to go back to the hotels and we can notice France has surpased spain in ammount of bookings, indicating they have started recovering from the consecuences of the terrorist attack.",29,2
"January","IRL","Torusim decreases from previous year showing that people still has fear to travel.",7,24
"July","DNK","The Portuguese football team is European champion, which will probably bring visibility to Portugal and, therefore, more reservations from countries where the sport is popular, like Spain.",26,5
"September","SWE","The ammount of bookings from portugal have decreased to the point that this is the first month in all the plot where it is not the country with more bookings.<br><br>On the other hand, the ammount of bookings from Great Britain have increased.",30,1
"August","CZE","Bookings from Portugal in City Hotel drastically decrease.<br><br>On the other hand and probably due to the popularity of football in this country, there has been an increase in bookings from Spain in both hotels.",30,0
"August","POL","Bookings from Portugal in City Hotel drastically decrease.<br><br>On the other hand and probably due to the popularity of football in this country, there has been an increase in bookings from Spain in both hotels.",22,8
"January","BEL","Torusim decreases from previous year showing that people still has fear to travel.",27,3
"November","SWE","Lisbon becomes the venue for the Web Summit, the unmissable “tech and internet” event that has been running since 2009. For the first five years, the event was held in Dublin, Ireland. From 2016, Lisbon, Portugal, was chosen to host the event.<br><br>However this did not translate into an increase in bookings as the ammount of bookings for each country has decreased with respect to the previous month.",17,13
"August","CHN","Bookings from Portugal in City Hotel drastically decrease.<br><br>On the other hand and probably due to the popularity of football in this country, there has been an increase in bookings from Spain in both hotels.",19,10
"October","POL","MAAT, the Museum of Art, Architecture and Technology opens in Lisbon. A museum located on the banks of the Tagus and easily recognizable with its futuristic building with white corrugated roof.<br><br>This increased the ammount of bookings from Great Britain, Germany, France and Spain. Being Great Britain the only foreign country that has booked more rooms in Resort Hotel than in City Hotel.",20,9
"October","RUS","MAAT, the Museum of Art, Architecture and Technology opens in Lisbon. A museum located on the banks of the Tagus and easily recognizable with its futuristic building with white corrugated roof.<br><br>This increased the ammount of bookings from Great Britain, Germany, France and Spain. Being Great Britain the only foreign country that has booked more rooms in Resort Hotel than in City Hotel.",9,20
"December","AUT","The ammount of bookings from Germany has drastically decreased with respect to the previous month.",26,1
"June","ISR","Tourism from Portugal and Germany increases. In both cases there is a lot of difference between ammount of bookings from City and Resort Hotel.",27,0
"March","FIN","Spain and Great Britain have started making more reservations and Germany's bookings are closing in on the ammount French has made.<br><br>The sudden increase in Spain can be explained by the fact that on 2016 the timing of <a href=""https://www.eltiempo.es/noticias/semana-santa-2016-cuando-cae-y-por-que-se-adelanta"">Easter</a> was earlier than usual, so we should expect a decrease on the following months",11,16
"May","ISR","Great Britain becomes again the country with most Resort Hotel Bookings.",26,1
"April","SWE","Portugueses are making less reservations on Resort Hotel and french have increased drastically their ammount of bookings for City Hotel.<br><br>Germany on the other hand has also suffered an increase in reservations in both hotels.<br><br>As expected, the ammount of bookings from Spain has decreased.",18,8
"July","POL","The Portuguese football team is European champion, which will probably bring visibility to Portugal and, therefore, more reservations from countries where the sport is popular, like Spain.",10,16
"July","ROU","The Portuguese football team is European champion, which will probably bring visibility to Portugal and, therefore, more reservations from countries where the sport is popular, like Spain.",14,12
"June","CN","Tourism from Portugal and Germany increases. In both cases there is a lot of difference between ammount of bookings from City and Resort Hotel.",9,17
"November","FIN","Lisbon becomes the venue for the Web Summit, the unmissable “tech and internet” event that has been running since 2009. For the first five years, the event was held in Dublin, Ireland. From 2016, Lisbon, Portugal, was chosen to host the event.<br><br>However this did not translate into an increase in bookings as the ammount of bookings for each country has decreased with respect to the previous month.",15,11
"November","ROU","Lisbon becomes the venue for the Web Summit, the unmissable “tech and internet” event that has been running since 2009. For the first five years, the event was held in Dublin, Ireland. From 2016, Lisbon, Portugal, was chosen to host the event.<br><br>However this did not translate into an increase in bookings as the ammount of bookings for each country has decreased with respect to the previous month.",21,4
"August","NOR","Bookings from Portugal in City Hotel drastically decrease.<br><br>On the other hand and probably due to the popularity of football in this country, there has been an increase in bookings from Spain in both hotels.",21,3
"January","USA","Torusim decreases from previous year showing that people still has fear to travel.",16,8
"May","POL","Great Britain becomes again the country with most Resort Hotel Bookings.",11,13
"October","ISR","MAAT, the Museum of Art, Architecture and Technology opens in Lisbon. A museum located on the banks of the Tagus and easily recognizable with its futuristic building with white corrugated roof.<br><br>This increased the ammount of bookings from Great Britain, Germany, France and Spain. Being Great Britain the only foreign country that has booked more rooms in Resort Hotel than in City Hotel.",24,0
"January","NLD","Torusim decreases from previous year showing that people still has fear to travel.",15,8
"March","SWE","Spain and Great Britain have started making more reservations and Germany's bookings are closing in on the ammount French has made.<br><br>The sudden increase in Spain can be explained by the fact that on 2016 the timing of <a href=""https://www.eltiempo.es/noticias/semana-santa-2016-cuando-cae-y-por-que-se-adelanta"">Easter</a> was earlier than usual, so we should expect a decrease on the following months",19,4
"May","SWE","Great Britain becomes again the country with most Resort Hotel Bookings.",19,4
"August","SWE","Bookings from Portugal in City Hotel drastically decrease.<br><br>On the other hand and probably due to the popularity of football in this country, there has been an increase in bookings from Spain in both hotels.",18,4
"February","USA","People has started to go back to the hotels and we can notice France has surpased spain in ammount of bookings, indicating they have started recovering from the consecuences of the terrorist attack.",17,5
"January","POL","Torusim decreases from previous year showing that people still has fear to travel.",9,13
"June","NOR","Tourism from Portugal and Germany increases. In both cases there is a lot of difference between ammount of bookings from City and Resort Hotel.",14,8
"December","CHN","The ammount of bookings from Germany has drastically decreased with respect to the previous month.",13,8
"July","FIN","The Portuguese football team is European champion, which will probably bring visibility to Portugal and, therefore, more reservations from countries where the sport is popular, like Spain.",13,8
"June","CHN","Tourism from Portugal and Germany increases. In both cases there is a lot of difference between ammount of bookings from City and Resort Hotel.",19,2
"March","CN","Spain and Great Britain have started making more reservations and Germany's bookings are closing in on the ammount French has made.<br><br>The sudden increase in Spain can be explained by the fact that on 2016 the timing of <a href=""https://www.eltiempo.es/noticias/semana-santa-2016-cuando-cae-y-por-que-se-adelanta"">Easter</a> was earlier than usual, so we should expect a decrease on the following months",4,17
"September","AUS","The ammount of bookings from portugal have decreased to the point that this is the first month in all the plot where it is not the country with more bookings.<br><br>On the other hand, the ammount of bookings from Great Britain have increased.",18,3
"April","FIN","Portugueses are making less reservations on Resort Hotel and french have increased drastically their ammount of bookings for City Hotel.<br><br>Germany on the other hand has also suffered an increase in reservations in both hotels.<br><br>As expected, the ammount of bookings from Spain has decreased.",9,11
"August","ISR","Bookings from Portugal in City Hotel drastically decrease.<br><br>On the other hand and probably due to the popularity of football in this country, there has been an increase in bookings from Spain in both hotels.",19,1
"March","CHN","Spain and Great Britain have started making more reservations and Germany's bookings are closing in on the ammount French has made.<br><br>The sudden increase in Spain can be explained by the fact that on 2016 the timing of <a href=""https://www.eltiempo.es/noticias/semana-santa-2016-cuando-cae-y-por-que-se-adelanta"">Easter</a> was earlier than usual, so we should expect a decrease on the following months",10,10
"May","ARG","Great Britain becomes again the country with most Resort Hotel Bookings.",12,8
"November","THA","Lisbon becomes the venue for the Web Summit, the unmissable “tech and internet” event that has been running since 2009. For the first five years, the event was held in Dublin, Ireland. From 2016, Lisbon, Portugal, was chosen to host the event.<br><br>However this did not translate into an increase in bookings as the ammount of bookings for each country has decreased with respect to the previous month.",20,0
"January","CHN","Torusim decreases from previous year showing that people still has fear to travel.",14,5
"July","AUS","The Portuguese football team is European champion, which will probably bring visibility to Portugal and, therefore, more reservations from countries where the sport is popular, like Spain.",14,5
"June","FIN","Tourism from Portugal and Germany increases. In both cases there is a lot of difference between ammount of bookings from City and Resort Hotel.",17,2
"October","LUX","MAAT, the Museum of Art, Architecture and Technology opens in Lisbon. A museum located on the banks of the Tagus and easily recognizable with its futuristic building with white corrugated roof.<br><br>This increased the ammount of bookings from Great Britain, Germany, France and Spain. Being Great Britain the only foreign country that has booked more rooms in Resort Hotel than in City Hotel.",17,2
"October","CHN","MAAT, the Museum of Art, Architecture and Technology opens in Lisbon. A museum located on the banks of the Tagus and easily recognizable with its futuristic building with white corrugated roof.<br><br>This increased the ammount of bookings from Great Britain, Germany, France and Spain. Being Great Britain the only foreign country that has booked more rooms in Resort Hotel than in City Hotel.",15,3
"September","NOR","The ammount of bookings from portugal have decreased to the point that this is the first month in all the plot where it is not the country with more bookings.<br><br>On the other hand, the ammount of bookings from Great Britain have increased.",18,0
"April","CHN","Portugueses are making less reservations on Resort Hotel and french have increased drastically their ammount of bookings for City Hotel.<br><br>Germany on the other hand has also suffered an increase in reservations in both hotels.<br><br>As expected, the ammount of bookings from Spain has decreased.",14,3
"April","ISL","Portugueses are making less reservations on Resort Hotel and french have increased drastically their ammount of bookings for City Hotel.<br><br>Germany on the other hand has also suffered an increase in reservations in both hotels.<br><br>As expected, the ammount of bookings from Spain has decreased.",17,0
"April","RUS","Portugueses are making less reservations on Resort Hotel and french have increased drastically their ammount of bookings for City Hotel.<br><br>Germany on the other hand has also suffered an increase in reservations in both hotels.<br><br>As expected, the ammount of bookings from Spain has decreased.",16,1
"August","AUS","Bookings from Portugal in City Hotel drastically decrease.<br><br>On the other hand and probably due to the popularity of football in this country, there has been an increase in bookings from Spain in both hotels.",11,6
"February","POL","People has started to go back to the hotels and we can notice France has surpased spain in ammount of bookings, indicating they have started recovering from the consecuences of the terrorist attack.",14,3
"March","DNK","Spain and Great Britain have started making more reservations and Germany's bookings are closing in on the ammount French has made.<br><br>The sudden increase in Spain can be explained by the fact that on 2016 the timing of <a href=""https://www.eltiempo.es/noticias/semana-santa-2016-cuando-cae-y-por-que-se-adelanta"">Easter</a> was earlier than usual, so we should expect a decrease on the following months",14,3
"May","NOR","Great Britain becomes again the country with most Resort Hotel Bookings.",13,4
"August","MAR","Bookings from Portugal in City Hotel drastically decrease.<br><br>On the other hand and probably due to the popularity of football in this country, there has been an increase in bookings from Spain in both hotels.",11,5
"January","FIN","Torusim decreases from previous year showing that people still has fear to travel.",6,10
"November","CN","Lisbon becomes the venue for the Web Summit, the unmissable “tech and internet” event that has been running since 2009. For the first five years, the event was held in Dublin, Ireland. From 2016, Lisbon, Portugal, was chosen to host the event.<br><br>However this did not translate into an increase in bookings as the ammount of bookings for each country has decreased with respect to the previous month.",11,5
"September","RUS","The ammount of bookings from portugal have decreased to the point that this is the first month in all the plot where it is not the country with more bookings.<br><br>On the other hand, the ammount of bookings from Great Britain have increased.",11,5
"April","CN","Portugueses are making less reservations on Resort Hotel and french have increased drastically their ammount of bookings for City Hotel.<br><br>Germany on the other hand has also suffered an increase in reservations in both hotels.<br><br>As expected, the ammount of bookings from Spain has decreased.",10,5
"August","RUS","Bookings from Portugal in City Hotel drastically decrease.<br><br>On the other hand and probably due to the popularity of football in this country, there has been an increase in bookings from Spain in both hotels.",9,6
"December","POL","The ammount of bookings from Germany has drastically decreased with respect to the previous month.",9,6
"February","FIN","People has started to go back to the hotels and we can notice France has surpased spain in ammount of bookings, indicating they have started recovering from the consecuences of the terrorist attack.",9,6
"June","TUR","Tourism from Portugal and Germany increases. In both cases there is a lot of difference between ammount of bookings from City and Resort Hotel.",15,0
"November","DNK","Lisbon becomes the venue for the Web Summit, the unmissable “tech and internet” event that has been running since 2009. For the first five years, the event was held in Dublin, Ireland. From 2016, Lisbon, Portugal, was chosen to host the event.<br><br>However this did not translate into an increase in bookings as the ammount of bookings for each country has decreased with respect to the previous month.",13,2
"November","RUS","Lisbon becomes the venue for the Web Summit, the unmissable “tech and internet” event that has been running since 2009. For the first five years, the event was held in Dublin, Ireland. From 2016, Lisbon, Portugal, was chosen to host the event.<br><br>However this did not translate into an increase in bookings as the ammount of bookings for each country has decreased with respect to the previous month.",10,5
"April","ISR","Portugueses are making less reservations on Resort Hotel and french have increased drastically their ammount of bookings for City Hotel.<br><br>Germany on the other hand has also suffered an increase in reservations in both hotels.<br><br>As expected, the ammount of bookings from Spain has decreased.",13,1
"December","ROU","The ammount of bookings from Germany has drastically decreased with respect to the previous month.",9,5
"February","MAR","People has started to go back to the hotels and we can notice France has surpased spain in ammount of bookings, indicating they have started recovering from the consecuences of the terrorist attack.",14,0
"March","ISR","Spain and Great Britain have started making more reservations and Germany's bookings are closing in on the ammount French has made.<br><br>The sudden increase in Spain can be explained by the fact that on 2016 the timing of <a href=""https://www.eltiempo.es/noticias/semana-santa-2016-cuando-cae-y-por-que-se-adelanta"">Easter</a> was earlier than usual, so we should expect a decrease on the following months",14,0
"March","TUR","Spain and Great Britain have started making more reservations and Germany's bookings are closing in on the ammount French has made.<br><br>The sudden increase in Spain can be explained by the fact that on 2016 the timing of <a href=""https://www.eltiempo.es/noticias/semana-santa-2016-cuando-cae-y-por-que-se-adelanta"">Easter</a> was earlier than usual, so we should expect a decrease on the following months",14,0
"October","AUS","MAAT, the Museum of Art, Architecture and Technology opens in Lisbon. A museum located on the banks of the Tagus and easily recognizable with its futuristic building with white corrugated roof.<br><br>This increased the ammount of bookings from Great Britain, Germany, France and Spain. Being Great Britain the only foreign country that has booked more rooms in Resort Hotel than in City Hotel.",13,1
"October","FIN","MAAT, the Museum of Art, Architecture and Technology opens in Lisbon. A museum located on the banks of the Tagus and easily recognizable with its futuristic building with white corrugated roof.<br><br>This increased the ammount of bookings from Great Britain, Germany, France and Spain. Being Great Britain the only foreign country that has booked more rooms in Resort Hotel than in City Hotel.",8,6
"September","EST","The ammount of bookings from portugal have decreased to the point that this is the first month in all the plot where it is not the country with more bookings.<br><br>On the other hand, the ammount of bookings from Great Britain have increased.",3,11
"September","ISR","The ammount of bookings from portugal have decreased to the point that this is the first month in all the plot where it is not the country with more bookings.<br><br>On the other hand, the ammount of bookings from Great Britain have increased.",13,1
"August","LUX","Bookings from Portugal in City Hotel drastically decrease.<br><br>On the other hand and probably due to the popularity of football in this country, there has been an increase in bookings from Spain in both hotels.",10,3
"December","FIN","The ammount of bookings from Germany has drastically decreased with respect to the previous month.",7,6
"June","ARG","Tourism from Portugal and Germany increases. In both cases there is a lot of difference between ammount of bookings from City and Resort Hotel.",8,5
"June","DNK","Tourism from Portugal and Germany increases. In both cases there is a lot of difference between ammount of bookings from City and Resort Hotel.",9,4
"June","ROU","Tourism from Portugal and Germany increases. In both cases there is a lot of difference between ammount of bookings from City and Resort Hotel.",6,7
"March","LUX","Spain and Great Britain have started making more reservations and Germany's bookings are closing in on the ammount French has made.<br><br>The sudden increase in Spain can be explained by the fact that on 2016 the timing of <a href=""https://www.eltiempo.es/noticias/semana-santa-2016-cuando-cae-y-por-que-se-adelanta"">Easter</a> was earlier than usual, so we should expect a decrease on the following months",4,9
"May","CHN","Great Britain becomes again the country with most Resort Hotel Bookings.",10,3
"May","TUR","Great Britain becomes again the country with most Resort Hotel Bookings.",13,0
"October","ROU","MAAT, the Museum of Art, Architecture and Technology opens in Lisbon. A museum located on the banks of the Tagus and easily recognizable with its futuristic building with white corrugated roof.<br><br>This increased the ammount of bookings from Great Britain, Germany, France and Spain. Being Great Britain the only foreign country that has booked more rooms in Resort Hotel than in City Hotel.",9,4
"September","ROU","The ammount of bookings from portugal have decreased to the point that this is the first month in all the plot where it is not the country with more bookings.<br><br>On the other hand, the ammount of bookings from Great Britain have increased.",10,3
"April","AUS","Portugueses are making less reservations on Resort Hotel and french have increased drastically their ammount of bookings for City Hotel.<br><br>Germany on the other hand has also suffered an increase in reservations in both hotels.<br><br>As expected, the ammount of bookings from Spain has decreased.",8,4
"April","ROU","Portugueses are making less reservations on Resort Hotel and french have increased drastically their ammount of bookings for City Hotel.<br><br>Germany on the other hand has also suffered an increase in reservations in both hotels.<br><br>As expected, the ammount of bookings from Spain has decreased.",4,8
"January","AGO","Torusim decreases from previous year showing that people still has fear to travel.",12,0
"March","DZA","Spain and Great Britain have started making more reservations and Germany's bookings are closing in on the ammount French has made.<br><br>The sudden increase in Spain can be explained by the fact that on 2016 the timing of <a href=""https://www.eltiempo.es/noticias/semana-santa-2016-cuando-cae-y-por-que-se-adelanta"">Easter</a> was earlier than usual, so we should expect a decrease on the following months",12,0
"May","DNK","Great Britain becomes again the country with most Resort Hotel Bookings.",12,0
"November","UKR","Lisbon becomes the venue for the Web Summit, the unmissable “tech and internet” event that has been running since 2009. For the first five years, the event was held in Dublin, Ireland. From 2016, Lisbon, Portugal, was chosen to host the event.<br><br>However this did not translate into an increase in bookings as the ammount of bookings for each country has decreased with respect to the previous month.",1,11
"October","DNK","MAAT, the Museum of Art, Architecture and Technology opens in Lisbon. A museum located on the banks of the Tagus and easily recognizable with its futuristic building with white corrugated roof.<br><br>This increased the ammount of bookings from Great Britain, Germany, France and Spain. Being Great Britain the only foreign country that has booked more rooms in Resort Hotel than in City Hotel.",11,1
"October","NOR","MAAT, the Museum of Art, Architecture and Technology opens in Lisbon. A museum located on the banks of the Tagus and easily recognizable with its futuristic building with white corrugated roof.<br><br>This increased the ammount of bookings from Great Britain, Germany, France and Spain. Being Great Britain the only foreign country that has booked more rooms in Resort Hotel than in City Hotel.",10,2
"September","IRN","The ammount of bookings from portugal have decreased to the point that this is the first month in all the plot where it is not the country with more bookings.<br><br>On the other hand, the ammount of bookings from Great Britain have increased.",12,0
"August","DNK","Bookings from Portugal in City Hotel drastically decrease.<br><br>On the other hand and probably due to the popularity of football in this country, there has been an increase in bookings from Spain in both hotels.",9,2
"January","CHE","Torusim decreases from previous year showing that people still has fear to travel.",9,2
"June","AUS","Tourism from Portugal and Germany increases. In both cases there is a lot of difference between ammount of bookings from City and Resort Hotel.",9,2
"June","HUN","Tourism from Portugal and Germany increases. In both cases there is a lot of difference between ammount of bookings from City and Resort Hotel.",10,1
"June","RUS","Tourism from Portugal and Germany increases. In both cases there is a lot of difference between ammount of bookings from City and Resort Hotel.",7,4
"May","ROU","Great Britain becomes again the country with most Resort Hotel Bookings.",5,6
"November","HRV","Lisbon becomes the venue for the Web Summit, the unmissable “tech and internet” event that has been running since 2009. For the first five years, the event was held in Dublin, Ireland. From 2016, Lisbon, Portugal, was chosen to host the event.<br><br>However this did not translate into an increase in bookings as the ammount of bookings for each country has decreased with respect to the previous month.",11,0
"November","IND","Lisbon becomes the venue for the Web Summit, the unmissable “tech and internet” event that has been running since 2009. For the first five years, the event was held in Dublin, Ireland. From 2016, Lisbon, Portugal, was chosen to host the event.<br><br>However this did not translate into an increase in bookings as the ammount of bookings for each country has decreased with respect to the previous month.",10,1
"November","ISR","Lisbon becomes the venue for the Web Summit, the unmissable “tech and internet” event that has been running since 2009. For the first five years, the event was held in Dublin, Ireland. From 2016, Lisbon, Portugal, was chosen to host the event.<br><br>However this did not translate into an increase in bookings as the ammount of bookings for each country has decreased with respect to the previous month.",11,0
"September","FIN","The ammount of bookings from portugal have decreased to the point that this is the first month in all the plot where it is not the country with more bookings.<br><br>On the other hand, the ammount of bookings from Great Britain have increased.",11,0
"August","FIN","Bookings from Portugal in City Hotel drastically decrease.<br><br>On the other hand and probably due to the popularity of football in this country, there has been an increase in bookings from Spain in both hotels.",10,0
"December","JPN","The ammount of bookings from Germany has drastically decreased with respect to the previous month.",10,0
"February","CN","People has started to go back to the hotels and we can notice France has surpased spain in ammount of bookings, indicating they have started recovering from the consecuences of the terrorist attack.",6,4
"February","SWE","People has started to go back to the hotels and we can notice France has surpased spain in ammount of bookings, indicating they have started recovering from the consecuences of the terrorist attack.",4,6
"July","JPN","The Portuguese football team is European champion, which will probably bring visibility to Portugal and, therefore, more reservations from countries where the sport is popular, like Spain.",10,0
"March","JPN","Spain and Great Britain have started making more reservations and Germany's bookings are closing in on the ammount French has made.<br><br>The sudden increase in Spain can be explained by the fact that on 2016 the timing of <a href=""https://www.eltiempo.es/noticias/semana-santa-2016-cuando-cae-y-por-que-se-adelanta"">Easter</a> was earlier than usual, so we should expect a decrease on the following months",10,0
"March","NOR","Spain and Great Britain have started making more reservations and Germany's bookings are closing in on the ammount French has made.<br><br>The sudden increase in Spain can be explained by the fact that on 2016 the timing of <a href=""https://www.eltiempo.es/noticias/semana-santa-2016-cuando-cae-y-por-que-se-adelanta"">Easter</a> was earlier than usual, so we should expect a decrease on the following months",7,3
"March","ROU","Spain and Great Britain have started making more reservations and Germany's bookings are closing in on the ammount French has made.<br><br>The sudden increase in Spain can be explained by the fact that on 2016 the timing of <a href=""https://www.eltiempo.es/noticias/semana-santa-2016-cuando-cae-y-por-que-se-adelanta"">Easter</a> was earlier than usual, so we should expect a decrease on the following months",7,3
"May","AUS","Great Britain becomes again the country with most Resort Hotel Bookings.",7,3
"November","AUT","Lisbon becomes the venue for the Web Summit, the unmissable “tech and internet” event that has been running since 2009. For the first five years, the event was held in Dublin, Ireland. From 2016, Lisbon, Portugal, was chosen to host the event.<br><br>However this did not translate into an increase in bookings as the ammount of bookings for each country has decreased with respect to the previous month.",6,4
"November","LTU","Lisbon becomes the venue for the Web Summit, the unmissable “tech and internet” event that has been running since 2009. For the first five years, the event was held in Dublin, Ireland. From 2016, Lisbon, Portugal, was chosen to host the event.<br><br>However this did not translate into an increase in bookings as the ammount of bookings for each country has decreased with respect to the previous month.",7,3
"April","ARG","Portugueses are making less reservations on Resort Hotel and french have increased drastically their ammount of bookings for City Hotel.<br><br>Germany on the other hand has also suffered an increase in reservations in both hotels.<br><br>As expected, the ammount of bookings from Spain has decreased.",7,2
"April","IND","Portugueses are making less reservations on Resort Hotel and french have increased drastically their ammount of bookings for City Hotel.<br><br>Germany on the other hand has also suffered an increase in reservations in both hotels.<br><br>As expected, the ammount of bookings from Spain has decreased.",6,3
"April","MAR","Portugueses are making less reservations on Resort Hotel and french have increased drastically their ammount of bookings for City Hotel.<br><br>Germany on the other hand has also suffered an increase in reservations in both hotels.<br><br>As expected, the ammount of bookings from Spain has decreased.",8,1
"January","CN","Torusim decreases from previous year showing that people still has fear to travel.",4,5
"January","ROU","Torusim decreases from previous year showing that people still has fear to travel.",9,0
"January","RUS","Torusim decreases from previous year showing that people still has fear to travel.",6,3
"July","RUS","The Portuguese football team is European champion, which will probably bring visibility to Portugal and, therefore, more reservations from countries where the sport is popular, like Spain.",7,2
"May","BOL","Great Britain becomes again the country with most Resort Hotel Bookings.",9,0
"May","NZL","Great Britain becomes again the country with most Resort Hotel Bookings.",9,0
"November","AUS","Lisbon becomes the venue for the Web Summit, the unmissable “tech and internet” event that has been running since 2009. For the first five years, the event was held in Dublin, Ireland. From 2016, Lisbon, Portugal, was chosen to host the event.<br><br>However this did not translate into an increase in bookings as the ammount of bookings for each country has decreased with respect to the previous month.",5,4
"September","JPN","The ammount of bookings from portugal have decreased to the point that this is the first month in all the plot where it is not the country with more bookings.<br><br>On the other hand, the ammount of bookings from Great Britain have increased.",9,0
"September","LTU","The ammount of bookings from portugal have decreased to the point that this is the first month in all the plot where it is not the country with more bookings.<br><br>On the other hand, the ammount of bookings from Great Britain have increased.",0,9
"December","DNK","The ammount of bookings from Germany has drastically decreased with respect to the previous month.",6,2
"December","MYS","The ammount of bookings from Germany has drastically decreased with respect to the previous month.",2,6
"February","DNK","People has started to go back to the hotels and we can notice France has surpased spain in ammount of bookings, indicating they have started recovering from the consecuences of the terrorist attack.",7,1
"January","GRC","Torusim decreases from previous year showing that people still has fear to travel.",3,5
"July","ISR","The Portuguese football team is European champion, which will probably bring visibility to Portugal and, therefore, more reservations from countries where the sport is popular, like Spain.",5,3
"June","JPN","Tourism from Portugal and Germany increases. In both cases there is a lot of difference between ammount of bookings from City and Resort Hotel.",8,0
"March","AUS","Spain and Great Britain have started making more reservations and Germany's bookings are closing in on the ammount French has made.<br><br>The sudden increase in Spain can be explained by the fact that on 2016 the timing of <a href=""https://www.eltiempo.es/noticias/semana-santa-2016-cuando-cae-y-por-que-se-adelanta"">Easter</a> was earlier than usual, so we should expect a decrease on the following months",6,2
"November","LVA","Lisbon becomes the venue for the Web Summit, the unmissable “tech and internet” event that has been running since 2009. For the first five years, the event was held in Dublin, Ireland. From 2016, Lisbon, Portugal, was chosen to host the event.<br><br>However this did not translate into an increase in bookings as the ammount of bookings for each country has decreased with respect to the previous month.",3,5
"October","HUN","MAAT, the Museum of Art, Architecture and Technology opens in Lisbon. A museum located on the banks of the Tagus and easily recognizable with its futuristic building with white corrugated roof.<br><br>This increased the ammount of bookings from Great Britain, Germany, France and Spain. Being Great Britain the only foreign country that has booked more rooms in Resort Hotel than in City Hotel.",7,1
"October","TUR","MAAT, the Museum of Art, Architecture and Technology opens in Lisbon. A museum located on the banks of the Tagus and easily recognizable with its futuristic building with white corrugated roof.<br><br>This increased the ammount of bookings from Great Britain, Germany, France and Spain. Being Great Britain the only foreign country that has booked more rooms in Resort Hotel than in City Hotel.",8,0
"September","CZE","The ammount of bookings from portugal have decreased to the point that this is the first month in all the plot where it is not the country with more bookings.<br><br>On the other hand, the ammount of bookings from Great Britain have increased.",7,1
"September","DNK","The ammount of bookings from portugal have decreased to the point that this is the first month in all the plot where it is not the country with more bookings.<br><br>On the other hand, the ammount of bookings from Great Britain have increased.",6,2
"April","DNK","Portugueses are making less reservations on Resort Hotel and french have increased drastically their ammount of bookings for City Hotel.<br><br>Germany on the other hand has also suffered an increase in reservations in both hotels.<br><br>As expected, the ammount of bookings from Spain has decreased.",3,4
"April","NOR","Portugueses are making less reservations on Resort Hotel and french have increased drastically their ammount of bookings for City Hotel.<br><br>Germany on the other hand has also suffered an increase in reservations in both hotels.<br><br>As expected, the ammount of bookings from Spain has decreased.",6,1
"December","CN","The ammount of bookings from Germany has drastically decreased with respect to the previous month.",3,4
"December","HUN","The ammount of bookings from Germany has drastically decreased with respect to the previous month.",5,2
"December","IND","The ammount of bookings from Germany has drastically decreased with respect to the previous month.",6,1
"December","TUR","The ammount of bookings from Germany has drastically decreased with respect to the previous month.",7,0
"February","HUN","People has started to go back to the hotels and we can notice France has surpased spain in ammount of bookings, indicating they have started recovering from the consecuences of the terrorist attack.",6,1
"January","MAR","Torusim decreases from previous year showing that people still has fear to travel.",3,4
"January","SWE","Torusim decreases from previous year showing that people still has fear to travel.",4,3
"July","LUX","The Portuguese football team is European champion, which will probably bring visibility to Portugal and, therefore, more reservations from countries where the sport is popular, like Spain.",5,2
"June","NZL","Tourism from Portugal and Germany increases. In both cases there is a lot of difference between ammount of bookings from City and Resort Hotel.",7,0
"March","ARG","Spain and Great Britain have started making more reservations and Germany's bookings are closing in on the ammount French has made.<br><br>The sudden increase in Spain can be explained by the fact that on 2016 the timing of <a href=""https://www.eltiempo.es/noticias/semana-santa-2016-cuando-cae-y-por-que-se-adelanta"">Easter</a> was earlier than usual, so we should expect a decrease on the following months",7,0
"March","HUN","Spain and Great Britain have started making more reservations and Germany's bookings are closing in on the ammount French has made.<br><br>The sudden increase in Spain can be explained by the fact that on 2016 the timing of <a href=""https://www.eltiempo.es/noticias/semana-santa-2016-cuando-cae-y-por-que-se-adelanta"">Easter</a> was earlier than usual, so we should expect a decrease on the following months",7,0
"March","RUS","Spain and Great Britain have started making more reservations and Germany's bookings are closing in on the ammount French has made.<br><br>The sudden increase in Spain can be explained by the fact that on 2016 the timing of <a href=""https://www.eltiempo.es/noticias/semana-santa-2016-cuando-cae-y-por-que-se-adelanta"">Easter</a> was earlier than usual, so we should expect a decrease on the following months",6,1
"May","FIN","Great Britain becomes again the country with most Resort Hotel Bookings.",5,2
"May","IND","Great Britain becomes again the country with most Resort Hotel Bookings.",4,3
"November","CYP","Lisbon becomes the venue for the Web Summit, the unmissable “tech and internet” event that has been running since 2009. For the first five years, the event was held in Dublin, Ireland. From 2016, Lisbon, Portugal, was chosen to host the event.<br><br>However this did not translate into an increase in bookings as the ammount of bookings for each country has decreased with respect to the previous month.",7,0
"November","CZE","Lisbon becomes the venue for the Web Summit, the unmissable “tech and internet” event that has been running since 2009. For the first five years, the event was held in Dublin, Ireland. From 2016, Lisbon, Portugal, was chosen to host the event.<br><br>However this did not translate into an increase in bookings as the ammount of bookings for each country has decreased with respect to the previous month.",6,1
"November","EST","Lisbon becomes the venue for the Web Summit, the unmissable “tech and internet” event that has been running since 2009. For the first five years, the event was held in Dublin, Ireland. From 2016, Lisbon, Portugal, was chosen to host the event.<br><br>However this did not translate into an increase in bookings as the ammount of bookings for each country has decreased with respect to the previous month.",7,0
"November","HUN","Lisbon becomes the venue for the Web Summit, the unmissable “tech and internet” event that has been running since 2009. For the first five years, the event was held in Dublin, Ireland. From 2016, Lisbon, Portugal, was chosen to host the event.<br><br>However this did not translate into an increase in bookings as the ammount of bookings for each country has decreased with respect to the previous month.",7,0
"November","MKD","Lisbon becomes the venue for the Web Summit, the unmissable “tech and internet” event that has been running since 2009. For the first five years, the event was held in Dublin, Ireland. From 2016, Lisbon, Portugal, was chosen to host the event.<br><br>However this did not translate into an increase in bookings as the ammount of bookings for each country has decreased with respect to the previous month.",7,0
"September","AGO","The ammount of bookings from portugal have decreased to the point that this is the first month in all the plot where it is not the country with more bookings.<br><br>On the other hand, the ammount of bookings from Great Britain have increased.",7,0
"September","MAR","The ammount of bookings from portugal have decreased to the point that this is the first month in all the plot where it is not the country with more bookings.<br><br>On the other hand, the ammount of bookings from Great Britain have increased.",7,0
"April","BGR","Portugueses are making less reservations on Resort Hotel and french have increased drastically their ammount of bookings for City Hotel.<br><br>Germany on the other hand has also suffered an increase in reservations in both hotels.<br><br>As expected, the ammount of bookings from Spain has decreased.",6,0
"April","EST","Portugueses are making less reservations on Resort Hotel and french have increased drastically their ammount of bookings for City Hotel.<br><br>Germany on the other hand has also suffered an increase in reservations in both hotels.<br><br>As expected, the ammount of bookings from Spain has decreased.",2,4
"August","DZA","Bookings from Portugal in City Hotel drastically decrease.<br><br>On the other hand and probably due to the popularity of football in this country, there has been an increase in bookings from Spain in both hotels.",3,3
"August","JPN","Bookings from Portugal in City Hotel drastically decrease.<br><br>On the other hand and probably due to the popularity of football in this country, there has been an increase in bookings from Spain in both hotels.",6,0
"December","GRC","The ammount of bookings from Germany has drastically decreased with respect to the previous month.",6,0
"February","AGO","People has started to go back to the hotels and we can notice France has surpased spain in ammount of bookings, indicating they have started recovering from the consecuences of the terrorist attack.",6,0
"February","CHL","People has started to go back to the hotels and we can notice France has surpased spain in ammount of bookings, indicating they have started recovering from the consecuences of the terrorist attack.",5,1
"February","JPN","People has started to go back to the hotels and we can notice France has surpased spain in ammount of bookings, indicating they have started recovering from the consecuences of the terrorist attack.",6,0
"February","MOZ","People has started to go back to the hotels and we can notice France has surpased spain in ammount of bookings, indicating they have started recovering from the consecuences of the terrorist attack.",6,0
"February","RUS","People has started to go back to the hotels and we can notice France has surpased spain in ammount of bookings, indicating they have started recovering from the consecuences of the terrorist attack.",4,2
"January","ARG","Torusim decreases from previous year showing that people still has fear to travel.",4,2
"June","AGO","Tourism from Portugal and Germany increases. In both cases there is a lot of difference between ammount of bookings from City and Resort Hotel.",4,2
"June","BGR","Tourism from Portugal and Germany increases. In both cases there is a lot of difference between ammount of bookings from City and Resort Hotel.",6,0
"June","HRV","Tourism from Portugal and Germany increases. In both cases there is a lot of difference between ammount of bookings from City and Resort Hotel.",5,1
"March","COL","Spain and Great Britain have started making more reservations and Germany's bookings are closing in on the ammount French has made.<br><br>The sudden increase in Spain can be explained by the fact that on 2016 the timing of <a href=""https://www.eltiempo.es/noticias/semana-santa-2016-cuando-cae-y-por-que-se-adelanta"">Easter</a> was earlier than usual, so we should expect a decrease on the following months",5,1
"May","RUS","Great Britain becomes again the country with most Resort Hotel Bookings.",5,1
"November","AGO","Lisbon becomes the venue for the Web Summit, the unmissable “tech and internet” event that has been running since 2009. For the first five years, the event was held in Dublin, Ireland. From 2016, Lisbon, Portugal, was chosen to host the event.<br><br>However this did not translate into an increase in bookings as the ammount of bookings for each country has decreased with respect to the previous month.",6,0
"November","GRC","Lisbon becomes the venue for the Web Summit, the unmissable “tech and internet” event that has been running since 2009. For the first five years, the event was held in Dublin, Ireland. From 2016, Lisbon, Portugal, was chosen to host the event.<br><br>However this did not translate into an increase in bookings as the ammount of bookings for each country has decreased with respect to the previous month.",6,0
"November","JPN","Lisbon becomes the venue for the Web Summit, the unmissable “tech and internet” event that has been running since 2009. For the first five years, the event was held in Dublin, Ireland. From 2016, Lisbon, Portugal, was chosen to host the event.<br><br>However this did not translate into an increase in bookings as the ammount of bookings for each country has decreased with respect to the previous month.",6,0
"November","MAR","Lisbon becomes the venue for the Web Summit, the unmissable “tech and internet” event that has been running since 2009. For the first five years, the event was held in Dublin, Ireland. From 2016, Lisbon, Portugal, was chosen to host the event.<br><br>However this did not translate into an increase in bookings as the ammount of bookings for each country has decreased with respect to the previous month.",3,3
"November","SVN","Lisbon becomes the venue for the Web Summit, the unmissable “tech and internet” event that has been running since 2009. For the first five years, the event was held in Dublin, Ireland. From 2016, Lisbon, Portugal, was chosen to host the event.<br><br>However this did not translate into an increase in bookings as the ammount of bookings for each country has decreased with respect to the previous month.",4,2
"November","TWN","Lisbon becomes the venue for the Web Summit, the unmissable “tech and internet” event that has been running since 2009. For the first five years, the event was held in Dublin, Ireland. From 2016, Lisbon, Portugal, was chosen to host the event.<br><br>However this did not translate into an increase in bookings as the ammount of bookings for each country has decreased with respect to the previous month.",6,0
"October","JPN","MAAT, the Museum of Art, Architecture and Technology opens in Lisbon. A museum located on the banks of the Tagus and easily recognizable with its futuristic building with white corrugated roof.<br><br>This increased the ammount of bookings from Great Britain, Germany, France and Spain. Being Great Britain the only foreign country that has booked more rooms in Resort Hotel than in City Hotel.",6,0
"September","ARG","The ammount of bookings from portugal have decreased to the point that this is the first month in all the plot where it is not the country with more bookings.<br><br>On the other hand, the ammount of bookings from Great Britain have increased.",6,0
"September","HUN","The ammount of bookings from portugal have decreased to the point that this is the first month in all the plot where it is not the country with more bookings.<br><br>On the other hand, the ammount of bookings from Great Britain have increased.",3,3
"September","TUR","The ammount of bookings from portugal have decreased to the point that this is the first month in all the plot where it is not the country with more bookings.<br><br>On the other hand, the ammount of bookings from Great Britain have increased.",0,6
"April","GRC","Portugueses are making less reservations on Resort Hotel and french have increased drastically their ammount of bookings for City Hotel.<br><br>Germany on the other hand has also suffered an increase in reservations in both hotels.<br><br>As expected, the ammount of bookings from Spain has decreased.",5,0
"April","KOR","Portugueses are making less reservations on Resort Hotel and french have increased drastically their ammount of bookings for City Hotel.<br><br>Germany on the other hand has also suffered an increase in reservations in both hotels.<br><br>As expected, the ammount of bookings from Spain has decreased.",5,0
"April","LUX","Portugueses are making less reservations on Resort Hotel and french have increased drastically their ammount of bookings for City Hotel.<br><br>Germany on the other hand has also suffered an increase in reservations in both hotels.<br><br>As expected, the ammount of bookings from Spain has decreased.",4,1
"April","TUR","Portugueses are making less reservations on Resort Hotel and french have increased drastically their ammount of bookings for City Hotel.<br><br>Germany on the other hand has also suffered an increase in reservations in both hotels.<br><br>As expected, the ammount of bookings from Spain has decreased.",5,0
"August","AGO","Bookings from Portugal in City Hotel drastically decrease.<br><br>On the other hand and probably due to the popularity of football in this country, there has been an increase in bookings from Spain in both hotels.",3,2
"August","SVK","Bookings from Portugal in City Hotel drastically decrease.<br><br>On the other hand and probably due to the popularity of football in this country, there has been an increase in bookings from Spain in both hotels.",5,0
"August","TUR","Bookings from Portugal in City Hotel drastically decrease.<br><br>On the other hand and probably due to the popularity of football in this country, there has been an increase in bookings from Spain in both hotels.",3,2
"December","DZA","The ammount of bookings from Germany has drastically decreased with respect to the previous month.",5,0
"December","ECU","The ammount of bookings from Germany has drastically decreased with respect to the previous month.",4,1
"December","IRN","The ammount of bookings from Germany has drastically decreased with respect to the previous month.",5,0
"February","HRV","People has started to go back to the hotels and we can notice France has surpased spain in ammount of bookings, indicating they have started recovering from the consecuences of the terrorist attack.",5,0
"February","NOR","People has started to go back to the hotels and we can notice France has surpased spain in ammount of bookings, indicating they have started recovering from the consecuences of the terrorist attack.",4,1
"January","KOR","Torusim decreases from previous year showing that people still has fear to travel.",3,2
"July","ARG","The Portuguese football team is European champion, which will probably bring visibility to Portugal and, therefore, more reservations from countries where the sport is popular, like Spain.",2,3
"July","CHN","The Portuguese football team is European champion, which will probably bring visibility to Portugal and, therefore, more reservations from countries where the sport is popular, like Spain.",4,1
"July","HUN","The Portuguese football team is European champion, which will probably bring visibility to Portugal and, therefore, more reservations from countries where the sport is popular, like Spain.",3,2
"July","NZL","The Portuguese football team is European champion, which will probably bring visibility to Portugal and, therefore, more reservations from countries where the sport is popular, like Spain.",5,0
"June","CZE","Tourism from Portugal and Germany increases. In both cases there is a lot of difference between ammount of bookings from City and Resort Hotel.",5,0
"March","BGR","Spain and Great Britain have started making more reservations and Germany's bookings are closing in on the ammount French has made.<br><br>The sudden increase in Spain can be explained by the fact that on 2016 the timing of <a href=""https://www.eltiempo.es/noticias/semana-santa-2016-cuando-cae-y-por-que-se-adelanta"">Easter</a> was earlier than usual, so we should expect a decrease on the following months",4,1
"March","GNB","Spain and Great Britain have started making more reservations and Germany's bookings are closing in on the ammount French has made.<br><br>The sudden increase in Spain can be explained by the fact that on 2016 the timing of <a href=""https://www.eltiempo.es/noticias/semana-santa-2016-cuando-cae-y-por-que-se-adelanta"">Easter</a> was earlier than usual, so we should expect a decrease on the following months",5,0
"May","HRV","Great Britain becomes again the country with most Resort Hotel Bookings.",5,0
"November","SVK","Lisbon becomes the venue for the Web Summit, the unmissable “tech and internet” event that has been running since 2009. For the first five years, the event was held in Dublin, Ireland. From 2016, Lisbon, Portugal, was chosen to host the event.<br><br>However this did not translate into an increase in bookings as the ammount of bookings for each country has decreased with respect to the previous month.",3,2
"October","IND","MAAT, the Museum of Art, Architecture and Technology opens in Lisbon. A museum located on the banks of the Tagus and easily recognizable with its futuristic building with white corrugated roof.<br><br>This increased the ammount of bookings from Great Britain, Germany, France and Spain. Being Great Britain the only foreign country that has booked more rooms in Resort Hotel than in City Hotel.",4,1
"October","SVN","MAAT, the Museum of Art, Architecture and Technology opens in Lisbon. A museum located on the banks of the Tagus and easily recognizable with its futuristic building with white corrugated roof.<br><br>This increased the ammount of bookings from Great Britain, Germany, France and Spain. Being Great Britain the only foreign country that has booked more rooms in Resort Hotel than in City Hotel.",5,0
"September","CHL","The ammount of bookings from portugal have decreased to the point that this is the first month in all the plot where it is not the country with more bookings.<br><br>On the other hand, the ammount of bookings from Great Britain have increased.",3,2
"April","UKR","Portugueses are making less reservations on Resort Hotel and french have increased drastically their ammount of bookings for City Hotel.<br><br>Germany on the other hand has also suffered an increase in reservations in both hotels.<br><br>As expected, the ammount of bookings from Spain has decreased.",2,2
"August","ARG","Bookings from Portugal in City Hotel drastically decrease.<br><br>On the other hand and probably due to the popularity of football in this country, there has been an increase in bookings from Spain in both hotels.",2,2
"August","MOZ","Bookings from Portugal in City Hotel drastically decrease.<br><br>On the other hand and probably due to the popularity of football in this country, there has been an increase in bookings from Spain in both hotels.",4,0
"December","AUS","The ammount of bookings from Germany has drastically decreased with respect to the previous month.",4,0
"December","BGR","The ammount of bookings from Germany has drastically decreased with respect to the previous month.",3,1
"December","RUS","The ammount of bookings from Germany has drastically decreased with respect to the previous month.",0,4
"February","ARG","People has started to go back to the hotels and we can notice France has surpased spain in ammount of bookings, indicating they have started recovering from the consecuences of the terrorist attack.",2,2
"February","EGY","People has started to go back to the hotels and we can notice France has surpased spain in ammount of bookings, indicating they have started recovering from the consecuences of the terrorist attack.",4,0
"February","LBY","People has started to go back to the hotels and we can notice France has surpased spain in ammount of bookings, indicating they have started recovering from the consecuences of the terrorist attack.",4,0
"February","ROU","People has started to go back to the hotels and we can notice France has surpased spain in ammount of bookings, indicating they have started recovering from the consecuences of the terrorist attack.",4,0
"January","AUS","Torusim decreases from previous year showing that people still has fear to travel.",3,1
"January","JPN","Torusim decreases from previous year showing that people still has fear to travel.",4,0
"January","NOR","Torusim decreases from previous year showing that people still has fear to travel.",2,2
"July","BGR","The Portuguese football team is European champion, which will probably bring visibility to Portugal and, therefore, more reservations from countries where the sport is popular, like Spain.",4,0
"July","CHL","The Portuguese football team is European champion, which will probably bring visibility to Portugal and, therefore, more reservations from countries where the sport is popular, like Spain.",2,2
"July","CZE","The Portuguese football team is European champion, which will probably bring visibility to Portugal and, therefore, more reservations from countries where the sport is popular, like Spain.",3,1
"July","GRC","The Portuguese football team is European champion, which will probably bring visibility to Portugal and, therefore, more reservations from countries where the sport is popular, like Spain.",4,0
"July","IND","The Portuguese football team is European champion, which will probably bring visibility to Portugal and, therefore, more reservations from countries where the sport is popular, like Spain.",3,1
"July","MAR","The Portuguese football team is European champion, which will probably bring visibility to Portugal and, therefore, more reservations from countries where the sport is popular, like Spain.",0,4
"July","MEX","The Portuguese football team is European champion, which will probably bring visibility to Portugal and, therefore, more reservations from countries where the sport is popular, like Spain.",4,0
"June","BRB","Tourism from Portugal and Germany increases. In both cases there is a lot of difference between ammount of bookings from City and Resort Hotel.",4,0
"June","IRN","Tourism from Portugal and Germany increases. In both cases there is a lot of difference between ammount of bookings from City and Resort Hotel.",4,0
"June","LUX","Tourism from Portugal and Germany increases. In both cases there is a lot of difference between ammount of bookings from City and Resort Hotel.",3,1
"June","URY","Tourism from Portugal and Germany increases. In both cases there is a lot of difference between ammount of bookings from City and Resort Hotel.",1,3
"March","CZE","Spain and Great Britain have started making more reservations and Germany's bookings are closing in on the ammount French has made.<br><br>The sudden increase in Spain can be explained by the fact that on 2016 the timing of <a href=""https://www.eltiempo.es/noticias/semana-santa-2016-cuando-cae-y-por-que-se-adelanta"">Easter</a> was earlier than usual, so we should expect a decrease on the following months",4,0
"March","MAR","Spain and Great Britain have started making more reservations and Germany's bookings are closing in on the ammount French has made.<br><br>The sudden increase in Spain can be explained by the fact that on 2016 the timing of <a href=""https://www.eltiempo.es/noticias/semana-santa-2016-cuando-cae-y-por-que-se-adelanta"">Easter</a> was earlier than usual, so we should expect a decrease on the following months",4,0
"March","NZL","Spain and Great Britain have started making more reservations and Germany's bookings are closing in on the ammount French has made.<br><br>The sudden increase in Spain can be explained by the fact that on 2016 the timing of <a href=""https://www.eltiempo.es/noticias/semana-santa-2016-cuando-cae-y-por-que-se-adelanta"">Easter</a> was earlier than usual, so we should expect a decrease on the following months",4,0
"May","JPN","Great Britain becomes again the country with most Resort Hotel Bookings.",3,1
"May","MAR","Great Britain becomes again the country with most Resort Hotel Bookings.",4,0
"May","SGP","Great Britain becomes again the country with most Resort Hotel Bookings.",2,2
"May","URY","Great Britain becomes again the country with most Resort Hotel Bookings.",4,0
"November","ARG","Lisbon becomes the venue for the Web Summit, the unmissable “tech and internet” event that has been running since 2009. For the first five years, the event was held in Dublin, Ireland. From 2016, Lisbon, Portugal, was chosen to host the event.<br><br>However this did not translate into an increase in bookings as the ammount of bookings for each country has decreased with respect to the previous month.",4,0
"November","LUX","Lisbon becomes the venue for the Web Summit, the unmissable “tech and internet” event that has been running since 2009. For the first five years, the event was held in Dublin, Ireland. From 2016, Lisbon, Portugal, was chosen to host the event.<br><br>However this did not translate into an increase in bookings as the ammount of bookings for each country has decreased with respect to the previous month.",2,2
"November","MLT","Lisbon becomes the venue for the Web Summit, the unmissable “tech and internet” event that has been running since 2009. For the first five years, the event was held in Dublin, Ireland. From 2016, Lisbon, Portugal, was chosen to host the event.<br><br>However this did not translate into an increase in bookings as the ammount of bookings for each country has decreased with respect to the previous month.",2,2
"November","TUR","Lisbon becomes the venue for the Web Summit, the unmissable “tech and internet” event that has been running since 2009. For the first five years, the event was held in Dublin, Ireland. From 2016, Lisbon, Portugal, was chosen to host the event.<br><br>However this did not translate into an increase in bookings as the ammount of bookings for each country has decreased with respect to the previous month.",4,0
"October","AGO","MAAT, the Museum of Art, Architecture and Technology opens in Lisbon. A museum located on the banks of the Tagus and easily recognizable with its futuristic building with white corrugated roof.<br><br>This increased the ammount of bookings from Great Britain, Germany, France and Spain. Being Great Britain the only foreign country that has booked more rooms in Resort Hotel than in City Hotel.",3,1
"October","CZE","MAAT, the Museum of Art, Architecture and Technology opens in Lisbon. A museum located on the banks of the Tagus and easily recognizable with its futuristic building with white corrugated roof.<br><br>This increased the ammount of bookings from Great Britain, Germany, France and Spain. Being Great Britain the only foreign country that has booked more rooms in Resort Hotel than in City Hotel.",3,1
"October","EST","MAAT, the Museum of Art, Architecture and Technology opens in Lisbon. A museum located on the banks of the Tagus and easily recognizable with its futuristic building with white corrugated roof.<br><br>This increased the ammount of bookings from Great Britain, Germany, France and Spain. Being Great Britain the only foreign country that has booked more rooms in Resort Hotel than in City Hotel.",2,2
"September","KOR","The ammount of bookings from portugal have decreased to the point that this is the first month in all the plot where it is not the country with more bookings.<br><br>On the other hand, the ammount of bookings from Great Britain have increased.",4,0
"September","LVA","The ammount of bookings from portugal have decreased to the point that this is the first month in all the plot where it is not the country with more bookings.<br><br>On the other hand, the ammount of bookings from Great Britain have increased.",1,3
"April","HUN","Portugueses are making less reservations on Resort Hotel and french have increased drastically their ammount of bookings for City Hotel.<br><br>Germany on the other hand has also suffered an increase in reservations in both hotels.<br><br>As expected, the ammount of bookings from Spain has decreased.",1,2
"April","LVA","Portugueses are making less reservations on Resort Hotel and french have increased drastically their ammount of bookings for City Hotel.<br><br>Germany on the other hand has also suffered an increase in reservations in both hotels.<br><br>As expected, the ammount of bookings from Spain has decreased.",1,2
"April","THA","Portugueses are making less reservations on Resort Hotel and french have increased drastically their ammount of bookings for City Hotel.<br><br>Germany on the other hand has also suffered an increase in reservations in both hotels.<br><br>As expected, the ammount of bookings from Spain has decreased.",3,0
"August","HRV","Bookings from Portugal in City Hotel drastically decrease.<br><br>On the other hand and probably due to the popularity of football in this country, there has been an increase in bookings from Spain in both hotels.",3,0
"August","HUN","Bookings from Portugal in City Hotel drastically decrease.<br><br>On the other hand and probably due to the popularity of football in this country, there has been an increase in bookings from Spain in both hotels.",3,0
"August","LTU","Bookings from Portugal in City Hotel drastically decrease.<br><br>On the other hand and probably due to the popularity of football in this country, there has been an increase in bookings from Spain in both hotels.",0,3
"August","NZL","Bookings from Portugal in City Hotel drastically decrease.<br><br>On the other hand and probably due to the popularity of football in this country, there has been an increase in bookings from Spain in both hotels.",2,1
"December","HRV","The ammount of bookings from Germany has drastically decreased with respect to the previous month.",2,1
"December","KOR","The ammount of bookings from Germany has drastically decreased with respect to the previous month.",3,0
"December","LVA","The ammount of bookings from Germany has drastically decreased with respect to the previous month.",1,2
"December","MAR","The ammount of bookings from Germany has drastically decreased with respect to the previous month.",2,1
"December","MEX","The ammount of bookings from Germany has drastically decreased with respect to the previous month.",3,0
"December","MOZ","The ammount of bookings from Germany has drastically decreased with respect to the previous month.",3,0
"December","SGP","The ammount of bookings from Germany has drastically decreased with respect to the previous month.",2,1
"December","SVK","The ammount of bookings from Germany has drastically decreased with respect to the previous month.",2,1
"February","AUS","People has started to go back to the hotels and we can notice France has surpased spain in ammount of bookings, indicating they have started recovering from the consecuences of the terrorist attack.",1,2
"February","COL","People has started to go back to the hotels and we can notice France has surpased spain in ammount of bookings, indicating they have started recovering from the consecuences of the terrorist attack.",3,0
"February","GNB","People has started to go back to the hotels and we can notice France has surpased spain in ammount of bookings, indicating they have started recovering from the consecuences of the terrorist attack.",3,0
"February","KOR","People has started to go back to the hotels and we can notice France has surpased spain in ammount of bookings, indicating they have started recovering from the consecuences of the terrorist attack.",3,0
"February","TUN","People has started to go back to the hotels and we can notice France has surpased spain in ammount of bookings, indicating they have started recovering from the consecuences of the terrorist attack.",3,0
"January","AUT","Torusim decreases from previous year showing that people still has fear to travel.",2,1
"January","CZE","Torusim decreases from previous year showing that people still has fear to travel.",3,0
"January","EGY","Torusim decreases from previous year showing that people still has fear to travel.",3,0
"January","IND","Torusim decreases from previous year showing that people still has fear to travel.",2,1
"January","ISR","Torusim decreases from previous year showing that people still has fear to travel.",3,0
"January","PER","Torusim decreases from previous year showing that people still has fear to travel.",3,0
"January","UKR","Torusim decreases from previous year showing that people still has fear to travel.",0,3
"January","ZAF","Torusim decreases from previous year showing that people still has fear to travel.",2,1
"July","ARE","The Portuguese football team is European champion, which will probably bring visibility to Portugal and, therefore, more reservations from countries where the sport is popular, like Spain.",0,3
"July","MOZ","The Portuguese football team is European champion, which will probably bring visibility to Portugal and, therefore, more reservations from countries where the sport is popular, like Spain.",2,1
"June","CHL","Tourism from Portugal and Germany increases. In both cases there is a lot of difference between ammount of bookings from City and Resort Hotel.",3,0
"June","EGY","Tourism from Portugal and Germany increases. In both cases there is a lot of difference between ammount of bookings from City and Resort Hotel.",3,0
"June","KOR","Tourism from Portugal and Germany increases. In both cases there is a lot of difference between ammount of bookings from City and Resort Hotel.",2,1
"June","LBN","Tourism from Portugal and Germany increases. In both cases there is a lot of difference between ammount of bookings from City and Resort Hotel.",1,2
"June","SVK","Tourism from Portugal and Germany increases. In both cases there is a lot of difference between ammount of bookings from City and Resort Hotel.",3,0
"June","SVN","Tourism from Portugal and Germany increases. In both cases there is a lot of difference between ammount of bookings from City and Resort Hotel.",3,0
"June","ZAF","Tourism from Portugal and Germany increases. In both cases there is a lot of difference between ammount of bookings from City and Resort Hotel.",3,0
"March","IND","Spain and Great Britain have started making more reservations and Germany's bookings are closing in on the ammount French has made.<br><br>The sudden increase in Spain can be explained by the fact that on 2016 the timing of <a href=""https://www.eltiempo.es/noticias/semana-santa-2016-cuando-cae-y-por-que-se-adelanta"">Easter</a> was earlier than usual, so we should expect a decrease on the following months",2,1
"March","IRN","Spain and Great Britain have started making more reservations and Germany's bookings are closing in on the ammount French has made.<br><br>The sudden increase in Spain can be explained by the fact that on 2016 the timing of <a href=""https://www.eltiempo.es/noticias/semana-santa-2016-cuando-cae-y-por-que-se-adelanta"">Easter</a> was earlier than usual, so we should expect a decrease on the following months",3,0
"March","LBY","Spain and Great Britain have started making more reservations and Germany's bookings are closing in on the ammount French has made.<br><br>The sudden increase in Spain can be explained by the fact that on 2016 the timing of <a href=""https://www.eltiempo.es/noticias/semana-santa-2016-cuando-cae-y-por-que-se-adelanta"">Easter</a> was earlier than usual, so we should expect a decrease on the following months",3,0
"May","AGO","Great Britain becomes again the country with most Resort Hotel Bookings.",2,1
"May","CHL","Great Britain becomes again the country with most Resort Hotel Bookings.",3,0
"May","CRI","Great Britain becomes again the country with most Resort Hotel Bookings.",3,0
"May","EST","Great Britain becomes again the country with most Resort Hotel Bookings.",3,0
"May","HUN","Great Britain becomes again the country with most Resort Hotel Bookings.",3,0
"May","KOR","Great Britain becomes again the country with most Resort Hotel Bookings.",3,0
"May","LUX","Great Britain becomes again the country with most Resort Hotel Bookings.",3,0
"May","MEX","Great Britain becomes again the country with most Resort Hotel Bookings.",2,1
"November","ALB","Lisbon becomes the venue for the Web Summit, the unmissable “tech and internet” event that has been running since 2009. For the first five years, the event was held in Dublin, Ireland. From 2016, Lisbon, Portugal, was chosen to host the event.<br><br>However this did not translate into an increase in bookings as the ammount of bookings for each country has decreased with respect to the previous month.",3,0
"November","DZA","Lisbon becomes the venue for the Web Summit, the unmissable “tech and internet” event that has been running since 2009. For the first five years, the event was held in Dublin, Ireland. From 2016, Lisbon, Portugal, was chosen to host the event.<br><br>However this did not translate into an increase in bookings as the ammount of bookings for each country has decreased with respect to the previous month.",2,1
"November","KOR","Lisbon becomes the venue for the Web Summit, the unmissable “tech and internet” event that has been running since 2009. For the first five years, the event was held in Dublin, Ireland. From 2016, Lisbon, Portugal, was chosen to host the event.<br><br>However this did not translate into an increase in bookings as the ammount of bookings for each country has decreased with respect to the previous month.",3,0
"November","MEX","Lisbon becomes the venue for the Web Summit, the unmissable “tech and internet” event that has been running since 2009. For the first five years, the event was held in Dublin, Ireland. From 2016, Lisbon, Portugal, was chosen to host the event.<br><br>However this did not translate into an increase in bookings as the ammount of bookings for each country has decreased with respect to the previous month.",3,0
"November","MNE","Lisbon becomes the venue for the Web Summit, the unmissable “tech and internet” event that has been running since 2009. For the first five years, the event was held in Dublin, Ireland. From 2016, Lisbon, Portugal, was chosen to host the event.<br><br>However this did not translate into an increase in bookings as the ammount of bookings for each country has decreased with respect to the previous month.",3,0
"November","MOZ","Lisbon becomes the venue for the Web Summit, the unmissable “tech and internet” event that has been running since 2009. For the first five years, the event was held in Dublin, Ireland. From 2016, Lisbon, Portugal, was chosen to host the event.<br><br>However this did not translate into an increase in bookings as the ammount of bookings for each country has decreased with respect to the previous month.",3,0
"October","ARG","MAAT, the Museum of Art, Architecture and Technology opens in Lisbon. A museum located on the banks of the Tagus and easily recognizable with its futuristic building with white corrugated roof.<br><br>This increased the ammount of bookings from Great Britain, Germany, France and Spain. Being Great Britain the only foreign country that has booked more rooms in Resort Hotel than in City Hotel.",2,1
"October","BGR","MAAT, the Museum of Art, Architecture and Technology opens in Lisbon. A museum located on the banks of the Tagus and easily recognizable with its futuristic building with white corrugated roof.<br><br>This increased the ammount of bookings from Great Britain, Germany, France and Spain. Being Great Britain the only foreign country that has booked more rooms in Resort Hotel than in City Hotel.",3,0
"October","CPV","MAAT, the Museum of Art, Architecture and Technology opens in Lisbon. A museum located on the banks of the Tagus and easily recognizable with its futuristic building with white corrugated roof.<br><br>This increased the ammount of bookings from Great Britain, Germany, France and Spain. Being Great Britain the only foreign country that has booked more rooms in Resort Hotel than in City Hotel.",2,1
"October","CYP","MAAT, the Museum of Art, Architecture and Technology opens in Lisbon. A museum located on the banks of the Tagus and easily recognizable with its futuristic building with white corrugated roof.<br><br>This increased the ammount of bookings from Great Britain, Germany, France and Spain. Being Great Britain the only foreign country that has booked more rooms in Resort Hotel than in City Hotel.",2,1
"October","DZA","MAAT, the Museum of Art, Architecture and Technology opens in Lisbon. A museum located on the banks of the Tagus and easily recognizable with its futuristic building with white corrugated roof.<br><br>This increased the ammount of bookings from Great Britain, Germany, France and Spain. Being Great Britain the only foreign country that has booked more rooms in Resort Hotel than in City Hotel.",3,0
"October","GRC","MAAT, the Museum of Art, Architecture and Technology opens in Lisbon. A museum located on the banks of the Tagus and easily recognizable with its futuristic building with white corrugated roof.<br><br>This increased the ammount of bookings from Great Britain, Germany, France and Spain. Being Great Britain the only foreign country that has booked more rooms in Resort Hotel than in City Hotel.",3,0
"October","KOR","MAAT, the Museum of Art, Architecture and Technology opens in Lisbon. A museum located on the banks of the Tagus and easily recognizable with its futuristic building with white corrugated roof.<br><br>This increased the ammount of bookings from Great Britain, Germany, France and Spain. Being Great Britain the only foreign country that has booked more rooms in Resort Hotel than in City Hotel.",3,0
"October","SRB","MAAT, the Museum of Art, Architecture and Technology opens in Lisbon. A museum located on the banks of the Tagus and easily recognizable with its futuristic building with white corrugated roof.<br><br>This increased the ammount of bookings from Great Britain, Germany, France and Spain. Being Great Britain the only foreign country that has booked more rooms in Resort Hotel than in City Hotel.",2,1
"September","IND","The ammount of bookings from portugal have decreased to the point that this is the first month in all the plot where it is not the country with more bookings.<br><br>On the other hand, the ammount of bookings from Great Britain have increased.",3,0
"September","NZL","The ammount of bookings from portugal have decreased to the point that this is the first month in all the plot where it is not the country with more bookings.<br><br>On the other hand, the ammount of bookings from Great Britain have increased.",2,1
"September","THA","The ammount of bookings from portugal have decreased to the point that this is the first month in all the plot where it is not the country with more bookings.<br><br>On the other hand, the ammount of bookings from Great Britain have increased.",1,2
"April","ARE","Portugueses are making less reservations on Resort Hotel and french have increased drastically their ammount of bookings for City Hotel.<br><br>Germany on the other hand has also suffered an increase in reservations in both hotels.<br><br>As expected, the ammount of bookings from Spain has decreased.",2,0
"April","BGD","Portugueses are making less reservations on Resort Hotel and french have increased drastically their ammount of bookings for City Hotel.<br><br>Germany on the other hand has also suffered an increase in reservations in both hotels.<br><br>As expected, the ammount of bookings from Spain has decreased.",2,0
"April","BIH","Portugueses are making less reservations on Resort Hotel and french have increased drastically their ammount of bookings for City Hotel.<br><br>Germany on the other hand has also suffered an increase in reservations in both hotels.<br><br>As expected, the ammount of bookings from Spain has decreased.",2,0
"April","CRI","Portugueses are making less reservations on Resort Hotel and french have increased drastically their ammount of bookings for City Hotel.<br><br>Germany on the other hand has also suffered an increase in reservations in both hotels.<br><br>As expected, the ammount of bookings from Spain has decreased.",2,0
"April","DZA","Portugueses are making less reservations on Resort Hotel and french have increased drastically their ammount of bookings for City Hotel.<br><br>Germany on the other hand has also suffered an increase in reservations in both hotels.<br><br>As expected, the ammount of bookings from Spain has decreased.",2,0
"April","OMN","Portugueses are making less reservations on Resort Hotel and french have increased drastically their ammount of bookings for City Hotel.<br><br>Germany on the other hand has also suffered an increase in reservations in both hotels.<br><br>As expected, the ammount of bookings from Spain has decreased.",0,2
"April","PHL","Portugueses are making less reservations on Resort Hotel and french have increased drastically their ammount of bookings for City Hotel.<br><br>Germany on the other hand has also suffered an increase in reservations in both hotels.<br><br>As expected, the ammount of bookings from Spain has decreased.",1,1
"April","SAU","Portugueses are making less reservations on Resort Hotel and french have increased drastically their ammount of bookings for City Hotel.<br><br>Germany on the other hand has also suffered an increase in reservations in both hotels.<br><br>As expected, the ammount of bookings from Spain has decreased.",2,0
"April","TWN","Portugueses are making less reservations on Resort Hotel and french have increased drastically their ammount of bookings for City Hotel.<br><br>Germany on the other hand has also suffered an increase in reservations in both hotels.<br><br>As expected, the ammount of bookings from Spain has decreased.",2,0
"April","ZAF","Portugueses are making less reservations on Resort Hotel and french have increased drastically their ammount of bookings for City Hotel.<br><br>Germany on the other hand has also suffered an increase in reservations in both hotels.<br><br>As expected, the ammount of bookings from Spain has decreased.",2,0
"August","CYP","Bookings from Portugal in City Hotel drastically decrease.<br><br>On the other hand and probably due to the popularity of football in this country, there has been an increase in bookings from Spain in both hotels.",1,1
"August","EGY","Bookings from Portugal in City Hotel drastically decrease.<br><br>On the other hand and probably due to the popularity of football in this country, there has been an increase in bookings from Spain in both hotels.",1,1
"August","EST","Bookings from Portugal in City Hotel drastically decrease.<br><br>On the other hand and probably due to the popularity of football in this country, there has been an increase in bookings from Spain in both hotels.",2,0
"August","GEO","Bookings from Portugal in City Hotel drastically decrease.<br><br>On the other hand and probably due to the popularity of football in this country, there has been an increase in bookings from Spain in both hotels.",2,0
"August","GRC","Bookings from Portugal in City Hotel drastically decrease.<br><br>On the other hand and probably due to the popularity of football in this country, there has been an increase in bookings from Spain in both hotels.",2,0
"August","UKR","Bookings from Portugal in City Hotel drastically decrease.<br><br>On the other hand and probably due to the popularity of football in this country, there has been an increase in bookings from Spain in both hotels.",2,0
"August","ZAF","Bookings from Portugal in City Hotel drastically decrease.<br><br>On the other hand and probably due to the popularity of football in this country, there has been an increase in bookings from Spain in both hotels.",2,0
"December","AGO","The ammount of bookings from Germany has drastically decreased with respect to the previous month.",2,0
"December","ARG","The ammount of bookings from Germany has drastically decreased with respect to the previous month.",2,0
"December","BLR","The ammount of bookings from Germany has drastically decreased with respect to the previous month.",1,1
"December","EST","The ammount of bookings from Germany has drastically decreased with respect to the previous month.",1,1
"December","ISR","The ammount of bookings from Germany has drastically decreased with respect to the previous month.",2,0
"December","LTU","The ammount of bookings from Germany has drastically decreased with respect to the previous month.",2,0
"December","SVN","The ammount of bookings from Germany has drastically decreased with respect to the previous month.",2,0
"December","THA","The ammount of bookings from Germany has drastically decreased with respect to the previous month.",2,0
"December","ZAF","The ammount of bookings from Germany has drastically decreased with respect to the previous month.",0,2
"February","GRC","People has started to go back to the hotels and we can notice France has surpased spain in ammount of bookings, indicating they have started recovering from the consecuences of the terrorist attack.",2,0
"February","IRN","People has started to go back to the hotels and we can notice France has surpased spain in ammount of bookings, indicating they have started recovering from the consecuences of the terrorist attack.",2,0
"February","LTU","People has started to go back to the hotels and we can notice France has surpased spain in ammount of bookings, indicating they have started recovering from the consecuences of the terrorist attack.",2,0
"February","LUX","People has started to go back to the hotels and we can notice France has surpased spain in ammount of bookings, indicating they have started recovering from the consecuences of the terrorist attack.",2,0
"February","MUS","People has started to go back to the hotels and we can notice France has surpased spain in ammount of bookings, indicating they have started recovering from the consecuences of the terrorist attack.",1,1
"February","MYS","People has started to go back to the hotels and we can notice France has surpased spain in ammount of bookings, indicating they have started recovering from the consecuences of the terrorist attack.",2,0
"February","TUR","People has started to go back to the hotels and we can notice France has surpased spain in ammount of bookings, indicating they have started recovering from the consecuences of the terrorist attack.",2,0
"January","BGR","Torusim decreases from previous year showing that people still has fear to travel.",2,0
"January","COL","Torusim decreases from previous year showing that people still has fear to travel.",1,1
"January","IRQ","Torusim decreases from previous year showing that people still has fear to travel.",2,0
"January","LTU","Torusim decreases from previous year showing that people still has fear to travel.",0,2
"January","MEX","Torusim decreases from previous year showing that people still has fear to travel.",2,0
"January","MOZ","Torusim decreases from previous year showing that people still has fear to travel.",2,0
"January","SRB","Torusim decreases from previous year showing that people still has fear to travel.",2,0
"January","TUR","Torusim decreases from previous year showing that people still has fear to travel.",2,0
"July","AGO","The Portuguese football team is European champion, which will probably bring visibility to Portugal and, therefore, more reservations from countries where the sport is popular, like Spain.",0,2
"July","COL","The Portuguese football team is European champion, which will probably bring visibility to Portugal and, therefore, more reservations from countries where the sport is popular, like Spain.",1,1
"July","KAZ","The Portuguese football team is European champion, which will probably bring visibility to Portugal and, therefore, more reservations from countries where the sport is popular, like Spain.",2,0
"July","KOR","The Portuguese football team is European champion, which will probably bring visibility to Portugal and, therefore, more reservations from countries where the sport is popular, like Spain.",2,0
"July","LBN","The Portuguese football team is European champion, which will probably bring visibility to Portugal and, therefore, more reservations from countries where the sport is popular, like Spain.",2,0
"July","LTU","The Portuguese football team is European champion, which will probably bring visibility to Portugal and, therefore, more reservations from countries where the sport is popular, like Spain.",1,1
"July","LVA","The Portuguese football team is European champion, which will probably bring visibility to Portugal and, therefore, more reservations from countries where the sport is popular, like Spain.",2,0
"July","MLT","The Portuguese football team is European champion, which will probably bring visibility to Portugal and, therefore, more reservations from countries where the sport is popular, like Spain.",2,0
"July","SVN","The Portuguese football team is European champion, which will probably bring visibility to Portugal and, therefore, more reservations from countries where the sport is popular, like Spain.",1,1
"July","UKR","The Portuguese football team is European champion, which will probably bring visibility to Portugal and, therefore, more reservations from countries where the sport is popular, like Spain.",2,0
"June","COL","Tourism from Portugal and Germany increases. In both cases there is a lot of difference between ammount of bookings from City and Resort Hotel.",2,0
"June","ECU","Tourism from Portugal and Germany increases. In both cases there is a lot of difference between ammount of bookings from City and Resort Hotel.",2,0
"June","GIB","Tourism from Portugal and Germany increases. In both cases there is a lot of difference between ammount of bookings from City and Resort Hotel.",0,2
"June","GRC","Tourism from Portugal and Germany increases. In both cases there is a lot of difference between ammount of bookings from City and Resort Hotel.",2,0
"June","LTU","Tourism from Portugal and Germany increases. In both cases there is a lot of difference between ammount of bookings from City and Resort Hotel.",0,2
"June","MEX","Tourism from Portugal and Germany increases. In both cases there is a lot of difference between ammount of bookings from City and Resort Hotel.",2,0
"June","PRI","Tourism from Portugal and Germany increases. In both cases there is a lot of difference between ammount of bookings from City and Resort Hotel.",0,2
"June","TUN","Tourism from Portugal and Germany increases. In both cases there is a lot of difference between ammount of bookings from City and Resort Hotel.",2,0
"March","AGO","Spain and Great Britain have started making more reservations and Germany's bookings are closing in on the ammount French has made.<br><br>The sudden increase in Spain can be explained by the fact that on 2016 the timing of <a href=""https://www.eltiempo.es/noticias/semana-santa-2016-cuando-cae-y-por-que-se-adelanta"">Easter</a> was earlier than usual, so we should expect a decrease on the following months",2,0
"March","CHL","Spain and Great Britain have started making more reservations and Germany's bookings are closing in on the ammount French has made.<br><br>The sudden increase in Spain can be explained by the fact that on 2016 the timing of <a href=""https://www.eltiempo.es/noticias/semana-santa-2016-cuando-cae-y-por-que-se-adelanta"">Easter</a> was earlier than usual, so we should expect a decrease on the following months",2,0
"March","CIV","Spain and Great Britain have started making more reservations and Germany's bookings are closing in on the ammount French has made.<br><br>The sudden increase in Spain can be explained by the fact that on 2016 the timing of <a href=""https://www.eltiempo.es/noticias/semana-santa-2016-cuando-cae-y-por-que-se-adelanta"">Easter</a> was earlier than usual, so we should expect a decrease on the following months",0,2
"March","KOR","Spain and Great Britain have started making more reservations and Germany's bookings are closing in on the ammount French has made.<br><br>The sudden increase in Spain can be explained by the fact that on 2016 the timing of <a href=""https://www.eltiempo.es/noticias/semana-santa-2016-cuando-cae-y-por-que-se-adelanta"">Easter</a> was earlier than usual, so we should expect a decrease on the following months",2,0
"March","KWT","Spain and Great Britain have started making more reservations and Germany's bookings are closing in on the ammount French has made.<br><br>The sudden increase in Spain can be explained by the fact that on 2016 the timing of <a href=""https://www.eltiempo.es/noticias/semana-santa-2016-cuando-cae-y-por-que-se-adelanta"">Easter</a> was earlier than usual, so we should expect a decrease on the following months",2,0
"March","LTU","Spain and Great Britain have started making more reservations and Germany's bookings are closing in on the ammount French has made.<br><br>The sudden increase in Spain can be explained by the fact that on 2016 the timing of <a href=""https://www.eltiempo.es/noticias/semana-santa-2016-cuando-cae-y-por-que-se-adelanta"">Easter</a> was earlier than usual, so we should expect a decrease on the following months",1,1
"March","MEX","Spain and Great Britain have started making more reservations and Germany's bookings are closing in on the ammount French has made.<br><br>The sudden increase in Spain can be explained by the fact that on 2016 the timing of <a href=""https://www.eltiempo.es/noticias/semana-santa-2016-cuando-cae-y-por-que-se-adelanta"">Easter</a> was earlier than usual, so we should expect a decrease on the following months",2,0
"March","MOZ","Spain and Great Britain have started making more reservations and Germany's bookings are closing in on the ammount French has made.<br><br>The sudden increase in Spain can be explained by the fact that on 2016 the timing of <a href=""https://www.eltiempo.es/noticias/semana-santa-2016-cuando-cae-y-por-que-se-adelanta"">Easter</a> was earlier than usual, so we should expect a decrease on the following months",2,0
"March","PER","Spain and Great Britain have started making more reservations and Germany's bookings are closing in on the ammount French has made.<br><br>The sudden increase in Spain can be explained by the fact that on 2016 the timing of <a href=""https://www.eltiempo.es/noticias/semana-santa-2016-cuando-cae-y-por-que-se-adelanta"">Easter</a> was earlier than usual, so we should expect a decrease on the following months",2,0
"March","SRB","Spain and Great Britain have started making more reservations and Germany's bookings are closing in on the ammount French has made.<br><br>The sudden increase in Spain can be explained by the fact that on 2016 the timing of <a href=""https://www.eltiempo.es/noticias/semana-santa-2016-cuando-cae-y-por-que-se-adelanta"">Easter</a> was earlier than usual, so we should expect a decrease on the following months",1,1
"March","TWN","Spain and Great Britain have started making more reservations and Germany's bookings are closing in on the ammount French has made.<br><br>The sudden increase in Spain can be explained by the fact that on 2016 the timing of <a href=""https://www.eltiempo.es/noticias/semana-santa-2016-cuando-cae-y-por-que-se-adelanta"">Easter</a> was earlier than usual, so we should expect a decrease on the following months",2,0
"March","UKR","Spain and Great Britain have started making more reservations and Germany's bookings are closing in on the ammount French has made.<br><br>The sudden increase in Spain can be explained by the fact that on 2016 the timing of <a href=""https://www.eltiempo.es/noticias/semana-santa-2016-cuando-cae-y-por-que-se-adelanta"">Easter</a> was earlier than usual, so we should expect a decrease on the following months",2,0
"May","COL","Great Britain becomes again the country with most Resort Hotel Bookings.",2,0
"May","CYP","Great Britain becomes again the country with most Resort Hotel Bookings.",2,0
"May","CZE","Great Britain becomes again the country with most Resort Hotel Bookings.",2,0
"May","LTU","Great Britain becomes again the country with most Resort Hotel Bookings.",1,1
"May","MLT","Great Britain becomes again the country with most Resort Hotel Bookings.",2,0
"May","MYS","Great Britain becomes again the country with most Resort Hotel Bookings.",1,1
"May","PRI","Great Britain becomes again the country with most Resort Hotel Bookings.",0,2
"May","SRB","Great Britain becomes again the country with most Resort Hotel Bookings.",2,0
"May","SVN","Great Britain becomes again the country with most Resort Hotel Bookings.",2,0
"May","THA","Great Britain becomes again the country with most Resort Hotel Bookings.",1,1
"November","BGR","Lisbon becomes the venue for the Web Summit, the unmissable “tech and internet” event that has been running since 2009. For the first five years, the event was held in Dublin, Ireland. From 2016, Lisbon, Portugal, was chosen to host the event.<br><br>However this did not translate into an increase in bookings as the ammount of bookings for each country has decreased with respect to the previous month.",2,0
"November","CPV","Lisbon becomes the venue for the Web Summit, the unmissable “tech and internet” event that has been running since 2009. For the first five years, the event was held in Dublin, Ireland. From 2016, Lisbon, Portugal, was chosen to host the event.<br><br>However this did not translate into an increase in bookings as the ammount of bookings for each country has decreased with respect to the previous month.",2,0
"November","MWI","Lisbon becomes the venue for the Web Summit, the unmissable “tech and internet” event that has been running since 2009. For the first five years, the event was held in Dublin, Ireland. From 2016, Lisbon, Portugal, was chosen to host the event.<br><br>However this did not translate into an increase in bookings as the ammount of bookings for each country has decreased with respect to the previous month.",0,2
"November","MYS","Lisbon becomes the venue for the Web Summit, the unmissable “tech and internet” event that has been running since 2009. For the first five years, the event was held in Dublin, Ireland. From 2016, Lisbon, Portugal, was chosen to host the event.<br><br>However this did not translate into an increase in bookings as the ammount of bookings for each country has decreased with respect to the previous month.",2,0
"November","NZL","Lisbon becomes the venue for the Web Summit, the unmissable “tech and internet” event that has been running since 2009. For the first five years, the event was held in Dublin, Ireland. From 2016, Lisbon, Portugal, was chosen to host the event.<br><br>However this did not translate into an increase in bookings as the ammount of bookings for each country has decreased with respect to the previous month.",1,1
"November","PAN","Lisbon becomes the venue for the Web Summit, the unmissable “tech and internet” event that has been running since 2009. For the first five years, the event was held in Dublin, Ireland. From 2016, Lisbon, Portugal, was chosen to host the event.<br><br>However this did not translate into an increase in bookings as the ammount of bookings for each country has decreased with respect to the previous month.",2,0
"November","SGP","Lisbon becomes the venue for the Web Summit, the unmissable “tech and internet” event that has been running since 2009. For the first five years, the event was held in Dublin, Ireland. From 2016, Lisbon, Portugal, was chosen to host the event.<br><br>However this did not translate into an increase in bookings as the ammount of bookings for each country has decreased with respect to the previous month.",2,0
"November","ZAF","Lisbon becomes the venue for the Web Summit, the unmissable “tech and internet” event that has been running since 2009. For the first five years, the event was held in Dublin, Ireland. From 2016, Lisbon, Portugal, was chosen to host the event.<br><br>However this did not translate into an increase in bookings as the ammount of bookings for each country has decreased with respect to the previous month.",2,0
"October","BIH","MAAT, the Museum of Art, Architecture and Technology opens in Lisbon. A museum located on the banks of the Tagus and easily recognizable with its futuristic building with white corrugated roof.<br><br>This increased the ammount of bookings from Great Britain, Germany, France and Spain. Being Great Britain the only foreign country that has booked more rooms in Resort Hotel than in City Hotel.",2,0
"October","CMR","MAAT, the Museum of Art, Architecture and Technology opens in Lisbon. A museum located on the banks of the Tagus and easily recognizable with its futuristic building with white corrugated roof.<br><br>This increased the ammount of bookings from Great Britain, Germany, France and Spain. Being Great Britain the only foreign country that has booked more rooms in Resort Hotel than in City Hotel.",1,1
"October","EGY","MAAT, the Museum of Art, Architecture and Technology opens in Lisbon. A museum located on the banks of the Tagus and easily recognizable with its futuristic building with white corrugated roof.<br><br>This increased the ammount of bookings from Great Britain, Germany, France and Spain. Being Great Britain the only foreign country that has booked more rooms in Resort Hotel than in City Hotel.",2,0
"October","LTU","MAAT, the Museum of Art, Architecture and Technology opens in Lisbon. A museum located on the banks of the Tagus and easily recognizable with its futuristic building with white corrugated roof.<br><br>This increased the ammount of bookings from Great Britain, Germany, France and Spain. Being Great Britain the only foreign country that has booked more rooms in Resort Hotel than in City Hotel.",0,2
"October","MAR","MAAT, the Museum of Art, Architecture and Technology opens in Lisbon. A museum located on the banks of the Tagus and easily recognizable with its futuristic building with white corrugated roof.<br><br>This increased the ammount of bookings from Great Britain, Germany, France and Spain. Being Great Britain the only foreign country that has booked more rooms in Resort Hotel than in City Hotel.",2,0
"October","NZL","MAAT, the Museum of Art, Architecture and Technology opens in Lisbon. A museum located on the banks of the Tagus and easily recognizable with its futuristic building with white corrugated roof.<br><br>This increased the ammount of bookings from Great Britain, Germany, France and Spain. Being Great Britain the only foreign country that has booked more rooms in Resort Hotel than in City Hotel.",2,0
"October","OMN","MAAT, the Museum of Art, Architecture and Technology opens in Lisbon. A museum located on the banks of the Tagus and easily recognizable with its futuristic building with white corrugated roof.<br><br>This increased the ammount of bookings from Great Britain, Germany, France and Spain. Being Great Britain the only foreign country that has booked more rooms in Resort Hotel than in City Hotel.",0,2
"October","PER","MAAT, the Museum of Art, Architecture and Technology opens in Lisbon. A museum located on the banks of the Tagus and easily recognizable with its futuristic building with white corrugated roof.<br><br>This increased the ammount of bookings from Great Britain, Germany, France and Spain. Being Great Britain the only foreign country that has booked more rooms in Resort Hotel than in City Hotel.",2,0
"October","THA","MAAT, the Museum of Art, Architecture and Technology opens in Lisbon. A museum located on the banks of the Tagus and easily recognizable with its futuristic building with white corrugated roof.<br><br>This increased the ammount of bookings from Great Britain, Germany, France and Spain. Being Great Britain the only foreign country that has booked more rooms in Resort Hotel than in City Hotel.",2,0
"September","BLR","The ammount of bookings from portugal have decreased to the point that this is the first month in all the plot where it is not the country with more bookings.<br><br>On the other hand, the ammount of bookings from Great Britain have increased.",1,1
"September","COL","The ammount of bookings from portugal have decreased to the point that this is the first month in all the plot where it is not the country with more bookings.<br><br>On the other hand, the ammount of bookings from Great Britain have increased.",1,1
"September","CYP","The ammount of bookings from portugal have decreased to the point that this is the first month in all the plot where it is not the country with more bookings.<br><br>On the other hand, the ammount of bookings from Great Britain have increased.",1,1
"September","GRC","The ammount of bookings from portugal have decreased to the point that this is the first month in all the plot where it is not the country with more bookings.<br><br>On the other hand, the ammount of bookings from Great Britain have increased.",2,0
"September","LUX","The ammount of bookings from portugal have decreased to the point that this is the first month in all the plot where it is not the country with more bookings.<br><br>On the other hand, the ammount of bookings from Great Britain have increased.",0,2
"September","MEX","The ammount of bookings from portugal have decreased to the point that this is the first month in all the plot where it is not the country with more bookings.<br><br>On the other hand, the ammount of bookings from Great Britain have increased.",2,0
"September","PER","The ammount of bookings from portugal have decreased to the point that this is the first month in all the plot where it is not the country with more bookings.<br><br>On the other hand, the ammount of bookings from Great Britain have increased.",1,1
"September","SVK","The ammount of bookings from portugal have decreased to the point that this is the first month in all the plot where it is not the country with more bookings.<br><br>On the other hand, the ammount of bookings from Great Britain have increased.",1,1
"September","ZAF","The ammount of bookings from portugal have decreased to the point that this is the first month in all the plot where it is not the country with more bookings.<br><br>On the other hand, the ammount of bookings from Great Britain have increased.",2,0
"April","AZE","Portugueses are making less reservations on Resort Hotel and french have increased drastically their ammount of bookings for City Hotel.<br><br>Germany on the other hand has also suffered an increase in reservations in both hotels.<br><br>As expected, the ammount of bookings from Spain has decreased.",1,0
"April","BHR","Portugueses are making less reservations on Resort Hotel and french have increased drastically their ammount of bookings for City Hotel.<br><br>Germany on the other hand has also suffered an increase in reservations in both hotels.<br><br>As expected, the ammount of bookings from Spain has decreased.",1,0
"April","CHL","Portugueses are making less reservations on Resort Hotel and french have increased drastically their ammount of bookings for City Hotel.<br><br>Germany on the other hand has also suffered an increase in reservations in both hotels.<br><br>As expected, the ammount of bookings from Spain has decreased.",1,0
"April","COL","Portugueses are making less reservations on Resort Hotel and french have increased drastically their ammount of bookings for City Hotel.<br><br>Germany on the other hand has also suffered an increase in reservations in both hotels.<br><br>As expected, the ammount of bookings from Spain has decreased.",1,0
"April","CZE","Portugueses are making less reservations on Resort Hotel and french have increased drastically their ammount of bookings for City Hotel.<br><br>Germany on the other hand has also suffered an increase in reservations in both hotels.<br><br>As expected, the ammount of bookings from Spain has decreased.",1,0
"April","HRV","Portugueses are making less reservations on Resort Hotel and french have increased drastically their ammount of bookings for City Hotel.<br><br>Germany on the other hand has also suffered an increase in reservations in both hotels.<br><br>As expected, the ammount of bookings from Spain has decreased.",0,1
"April","IRN","Portugueses are making less reservations on Resort Hotel and french have increased drastically their ammount of bookings for City Hotel.<br><br>Germany on the other hand has also suffered an increase in reservations in both hotels.<br><br>As expected, the ammount of bookings from Spain has decreased.",1,0
"April","JOR","Portugueses are making less reservations on Resort Hotel and french have increased drastically their ammount of bookings for City Hotel.<br><br>Germany on the other hand has also suffered an increase in reservations in both hotels.<br><br>As expected, the ammount of bookings from Spain has decreased.",1,0
"April","JPN","Portugueses are making less reservations on Resort Hotel and french have increased drastically their ammount of bookings for City Hotel.<br><br>Germany on the other hand has also suffered an increase in reservations in both hotels.<br><br>As expected, the ammount of bookings from Spain has decreased.",1,0
"April","KAZ","Portugueses are making less reservations on Resort Hotel and french have increased drastically their ammount of bookings for City Hotel.<br><br>Germany on the other hand has also suffered an increase in reservations in both hotels.<br><br>As expected, the ammount of bookings from Spain has decreased.",1,0
"April","MEX","Portugueses are making less reservations on Resort Hotel and french have increased drastically their ammount of bookings for City Hotel.<br><br>Germany on the other hand has also suffered an increase in reservations in both hotels.<br><br>As expected, the ammount of bookings from Spain has decreased.",0,1
"April","MLI","Portugueses are making less reservations on Resort Hotel and french have increased drastically their ammount of bookings for City Hotel.<br><br>Germany on the other hand has also suffered an increase in reservations in both hotels.<br><br>As expected, the ammount of bookings from Spain has decreased.",1,0
"April","MYS","Portugueses are making less reservations on Resort Hotel and french have increased drastically their ammount of bookings for City Hotel.<br><br>Germany on the other hand has also suffered an increase in reservations in both hotels.<br><br>As expected, the ammount of bookings from Spain has decreased.",1,0
"April","NAM","Portugueses are making less reservations on Resort Hotel and french have increased drastically their ammount of bookings for City Hotel.<br><br>Germany on the other hand has also suffered an increase in reservations in both hotels.<br><br>As expected, the ammount of bookings from Spain has decreased.",1,0
"April","NZL","Portugueses are making less reservations on Resort Hotel and french have increased drastically their ammount of bookings for City Hotel.<br><br>Germany on the other hand has also suffered an increase in reservations in both hotels.<br><br>As expected, the ammount of bookings from Spain has decreased.",1,0
"April","SRB","Portugueses are making less reservations on Resort Hotel and french have increased drastically their ammount of bookings for City Hotel.<br><br>Germany on the other hand has also suffered an increase in reservations in both hotels.<br><br>As expected, the ammount of bookings from Spain has decreased.",1,0
"April","SVK","Portugueses are making less reservations on Resort Hotel and french have increased drastically their ammount of bookings for City Hotel.<br><br>Germany on the other hand has also suffered an increase in reservations in both hotels.<br><br>As expected, the ammount of bookings from Spain has decreased.",1,0
"April","TUN","Portugueses are making less reservations on Resort Hotel and french have increased drastically their ammount of bookings for City Hotel.<br><br>Germany on the other hand has also suffered an increase in reservations in both hotels.<br><br>As expected, the ammount of bookings from Spain has decreased.",1,0
"April","TZA","Portugueses are making less reservations on Resort Hotel and french have increased drastically their ammount of bookings for City Hotel.<br><br>Germany on the other hand has also suffered an increase in reservations in both hotels.<br><br>As expected, the ammount of bookings from Spain has decreased.",1,0
"August","CHL","Bookings from Portugal in City Hotel drastically decrease.<br><br>On the other hand and probably due to the popularity of football in this country, there has been an increase in bookings from Spain in both hotels.",1,0
"August","CUB","Bookings from Portugal in City Hotel drastically decrease.<br><br>On the other hand and probably due to the popularity of football in this country, there has been an increase in bookings from Spain in both hotels.",1,0
"August","DMA","Bookings from Portugal in City Hotel drastically decrease.<br><br>On the other hand and probably due to the popularity of football in this country, there has been an increase in bookings from Spain in both hotels.",1,0
"August","IND","Bookings from Portugal in City Hotel drastically decrease.<br><br>On the other hand and probably due to the popularity of football in this country, there has been an increase in bookings from Spain in both hotels.",1,0
"August","MEX","Bookings from Portugal in City Hotel drastically decrease.<br><br>On the other hand and probably due to the popularity of football in this country, there has been an increase in bookings from Spain in both hotels.",1,0
"August","PRI","Bookings from Portugal in City Hotel drastically decrease.<br><br>On the other hand and probably due to the popularity of football in this country, there has been an increase in bookings from Spain in both hotels.",0,1
"August","SRB","Bookings from Portugal in City Hotel drastically decrease.<br><br>On the other hand and probably due to the popularity of football in this country, there has been an increase in bookings from Spain in both hotels.",1,0
"August","SVN","Bookings from Portugal in City Hotel drastically decrease.<br><br>On the other hand and probably due to the popularity of football in this country, there has been an increase in bookings from Spain in both hotels.",0,1
"August","URY","Bookings from Portugal in City Hotel drastically decrease.<br><br>On the other hand and probably due to the popularity of football in this country, there has been an increase in bookings from Spain in both hotels.",0,1
"August","VEN","Bookings from Portugal in City Hotel drastically decrease.<br><br>On the other hand and probably due to the popularity of football in this country, there has been an increase in bookings from Spain in both hotels.",1,0
"August","VNM","Bookings from Portugal in City Hotel drastically decrease.<br><br>On the other hand and probably due to the popularity of football in this country, there has been an increase in bookings from Spain in both hotels.",1,0
"December","CHL","The ammount of bookings from Germany has drastically decreased with respect to the previous month.",1,0
"December","CUB","The ammount of bookings from Germany has drastically decreased with respect to the previous month.",1,0
"December","CZE","The ammount of bookings from Germany has drastically decreased with respect to the previous month.",1,0
"December","KAZ","The ammount of bookings from Germany has drastically decreased with respect to the previous month.",1,0
"December","LUX","The ammount of bookings from Germany has drastically decreased with respect to the previous month.",1,0
"December","OMN","The ammount of bookings from Germany has drastically decreased with respect to the previous month.",0,1
"December","PHL","The ammount of bookings from Germany has drastically decreased with respect to the previous month.",1,0
"December","SRB","The ammount of bookings from Germany has drastically decreased with respect to the previous month.",1,0
"December","UKR","The ammount of bookings from Germany has drastically decreased with respect to the previous month.",1,0
"February","ARM","People has started to go back to the hotels and we can notice France has surpased spain in ammount of bookings, indicating they have started recovering from the consecuences of the terrorist attack.",1,0
"February","BGR","People has started to go back to the hotels and we can notice France has surpased spain in ammount of bookings, indicating they have started recovering from the consecuences of the terrorist attack.",1,0
"February","BIH","People has started to go back to the hotels and we can notice France has surpased spain in ammount of bookings, indicating they have started recovering from the consecuences of the terrorist attack.",0,1
"February","COM","People has started to go back to the hotels and we can notice France has surpased spain in ammount of bookings, indicating they have started recovering from the consecuences of the terrorist attack.",0,1
"February","CZE","People has started to go back to the hotels and we can notice France has surpased spain in ammount of bookings, indicating they have started recovering from the consecuences of the terrorist attack.",1,0
"February","DZA","People has started to go back to the hotels and we can notice France has surpased spain in ammount of bookings, indicating they have started recovering from the consecuences of the terrorist attack.",1,0
"February","ECU","People has started to go back to the hotels and we can notice France has surpased spain in ammount of bookings, indicating they have started recovering from the consecuences of the terrorist attack.",1,0
"February","IND","People has started to go back to the hotels and we can notice France has surpased spain in ammount of bookings, indicating they have started recovering from the consecuences of the terrorist attack.",1,0
"February","ISR","People has started to go back to the hotels and we can notice France has surpased spain in ammount of bookings, indicating they have started recovering from the consecuences of the terrorist attack.",1,0
"February","JAM","People has started to go back to the hotels and we can notice France has surpased spain in ammount of bookings, indicating they have started recovering from the consecuences of the terrorist attack.",0,1
"February","JOR","People has started to go back to the hotels and we can notice France has surpased spain in ammount of bookings, indicating they have started recovering from the consecuences of the terrorist attack.",1,0
"February","KWT","People has started to go back to the hotels and we can notice France has surpased spain in ammount of bookings, indicating they have started recovering from the consecuences of the terrorist attack.",1,0
"February","LBN","People has started to go back to the hotels and we can notice France has surpased spain in ammount of bookings, indicating they have started recovering from the consecuences of the terrorist attack.",1,0
"February","LKA","People has started to go back to the hotels and we can notice France has surpased spain in ammount of bookings, indicating they have started recovering from the consecuences of the terrorist attack.",1,0
"February","MCO","People has started to go back to the hotels and we can notice France has surpased spain in ammount of bookings, indicating they have started recovering from the consecuences of the terrorist attack.",1,0
"February","MEX","People has started to go back to the hotels and we can notice France has surpased spain in ammount of bookings, indicating they have started recovering from the consecuences of the terrorist attack.",0,1
"February","NGA","People has started to go back to the hotels and we can notice France has surpased spain in ammount of bookings, indicating they have started recovering from the consecuences of the terrorist attack.",0,1
"February","NZL","People has started to go back to the hotels and we can notice France has surpased spain in ammount of bookings, indicating they have started recovering from the consecuences of the terrorist attack.",0,1
"February","OMN","People has started to go back to the hotels and we can notice France has surpased spain in ammount of bookings, indicating they have started recovering from the consecuences of the terrorist attack.",0,1
"February","PAN","People has started to go back to the hotels and we can notice France has surpased spain in ammount of bookings, indicating they have started recovering from the consecuences of the terrorist attack.",1,0
"February","RWA","People has started to go back to the hotels and we can notice France has surpased spain in ammount of bookings, indicating they have started recovering from the consecuences of the terrorist attack.",1,0
"February","SUR","People has started to go back to the hotels and we can notice France has surpased spain in ammount of bookings, indicating they have started recovering from the consecuences of the terrorist attack.",0,1
"February","THA","People has started to go back to the hotels and we can notice France has surpased spain in ammount of bookings, indicating they have started recovering from the consecuences of the terrorist attack.",1,0
"February","UKR","People has started to go back to the hotels and we can notice France has surpased spain in ammount of bookings, indicating they have started recovering from the consecuences of the terrorist attack.",1,0
"February","VEN","People has started to go back to the hotels and we can notice France has surpased spain in ammount of bookings, indicating they have started recovering from the consecuences of the terrorist attack.",1,0
"February","ZAF","People has started to go back to the hotels and we can notice France has surpased spain in ammount of bookings, indicating they have started recovering from the consecuences of the terrorist attack.",1,0
"January","ARE","Torusim decreases from previous year showing that people still has fear to travel.",1,0
"January","ARM","Torusim decreases from previous year showing that people still has fear to travel.",1,0
"January","BFA","Torusim decreases from previous year showing that people still has fear to travel.",1,0
"January","BLR","Torusim decreases from previous year showing that people still has fear to travel.",1,0
"January","CHL","Torusim decreases from previous year showing that people still has fear to travel.",1,0
"January","CMR","Torusim decreases from previous year showing that people still has fear to travel.",0,1
"January","CUB","Torusim decreases from previous year showing that people still has fear to travel.",0,1
"January","CYP","Torusim decreases from previous year showing that people still has fear to travel.",0,1
"January","DNK","Torusim decreases from previous year showing that people still has fear to travel.",1,0
"January","DZA","Torusim decreases from previous year showing that people still has fear to travel.",1,0
"January","ECU","Torusim decreases from previous year showing that people still has fear to travel.",1,0
"January","EST","Torusim decreases from previous year showing that people still has fear to travel.",0,1
"January","HRV","Torusim decreases from previous year showing that people still has fear to travel.",1,0
"January","IRN","Torusim decreases from previous year showing that people still has fear to travel.",0,1
"January","JOR","Torusim decreases from previous year showing that people still has fear to travel.",1,0
"January","KEN","Torusim decreases from previous year showing that people still has fear to travel.",1,0
"January","LVA","Torusim decreases from previous year showing that people still has fear to travel.",1,0
"January","MYS","Torusim decreases from previous year showing that people still has fear to travel.",0,1
"January","OMN","Torusim decreases from previous year showing that people still has fear to travel.",1,0
"January","SAU","Torusim decreases from previous year showing that people still has fear to travel.",1,0
"January","SVN","Torusim decreases from previous year showing that people still has fear to travel.",1,0
"January","THA","Torusim decreases from previous year showing that people still has fear to travel.",0,1
"January","TUN","Torusim decreases from previous year showing that people still has fear to travel.",1,0
"January","TWN","Torusim decreases from previous year showing that people still has fear to travel.",1,0
"July","AIA","The Portuguese football team is European champion, which will probably bring visibility to Portugal and, therefore, more reservations from countries where the sport is popular, like Spain.",1,0
"July","AND","The Portuguese football team is European champion, which will probably bring visibility to Portugal and, therefore, more reservations from countries where the sport is popular, like Spain.",0,1
"July","AZE","The Portuguese football team is European champion, which will probably bring visibility to Portugal and, therefore, more reservations from countries where the sport is popular, like Spain.",0,1
"July","BIH","The Portuguese football team is European champion, which will probably bring visibility to Portugal and, therefore, more reservations from countries where the sport is popular, like Spain.",1,0
"July","DZA","The Portuguese football team is European champion, which will probably bring visibility to Portugal and, therefore, more reservations from countries where the sport is popular, like Spain.",1,0
"July","EGY","The Portuguese football team is European champion, which will probably bring visibility to Portugal and, therefore, more reservations from countries where the sport is popular, like Spain.",1,0
"July","EST","The Portuguese football team is European champion, which will probably bring visibility to Portugal and, therefore, more reservations from countries where the sport is popular, like Spain.",0,1
"July","GIB","The Portuguese football team is European champion, which will probably bring visibility to Portugal and, therefore, more reservations from countries where the sport is popular, like Spain.",0,1
"July","IRN","The Portuguese football team is European champion, which will probably bring visibility to Portugal and, therefore, more reservations from countries where the sport is popular, like Spain.",0,1
"July","PLW","The Portuguese football team is European champion, which will probably bring visibility to Portugal and, therefore, more reservations from countries where the sport is popular, like Spain.",0,1
"July","PRI","The Portuguese football team is European champion, which will probably bring visibility to Portugal and, therefore, more reservations from countries where the sport is popular, like Spain.",0,1
"July","SAU","The Portuguese football team is European champion, which will probably bring visibility to Portugal and, therefore, more reservations from countries where the sport is popular, like Spain.",1,0
"July","SGP","The Portuguese football team is European champion, which will probably bring visibility to Portugal and, therefore, more reservations from countries where the sport is popular, like Spain.",0,1
"July","SLV","The Portuguese football team is European champion, which will probably bring visibility to Portugal and, therefore, more reservations from countries where the sport is popular, like Spain.",1,0
"July","SVK","The Portuguese football team is European champion, which will probably bring visibility to Portugal and, therefore, more reservations from countries where the sport is popular, like Spain.",1,0
"July","TUR","The Portuguese football team is European champion, which will probably bring visibility to Portugal and, therefore, more reservations from countries where the sport is popular, like Spain.",1,0
"July","TWN","The Portuguese football team is European champion, which will probably bring visibility to Portugal and, therefore, more reservations from countries where the sport is popular, like Spain.",1,0
"July","URY","The Portuguese football team is European champion, which will probably bring visibility to Portugal and, therefore, more reservations from countries where the sport is popular, like Spain.",1,0
"July","VNM","The Portuguese football team is European champion, which will probably bring visibility to Portugal and, therefore, more reservations from countries where the sport is popular, like Spain.",0,1
"July","ZAF","The Portuguese football team is European champion, which will probably bring visibility to Portugal and, therefore, more reservations from countries where the sport is popular, like Spain.",1,0
"June","ABW","Tourism from Portugal and Germany increases. In both cases there is a lot of difference between ammount of bookings from City and Resort Hotel.",1,0
"June","BIH","Tourism from Portugal and Germany increases. In both cases there is a lot of difference between ammount of bookings from City and Resort Hotel.",1,0
"June","CYP","Tourism from Portugal and Germany increases. In both cases there is a lot of difference between ammount of bookings from City and Resort Hotel.",1,0
"June","DZA","Tourism from Portugal and Germany increases. In both cases there is a lot of difference between ammount of bookings from City and Resort Hotel.",1,0
"June","EST","Tourism from Portugal and Germany increases. In both cases there is a lot of difference between ammount of bookings from City and Resort Hotel.",0,1
"June","IND","Tourism from Portugal and Germany increases. In both cases there is a lot of difference between ammount of bookings from City and Resort Hotel.",0,1
"June","JAM","Tourism from Portugal and Germany increases. In both cases there is a lot of difference between ammount of bookings from City and Resort Hotel.",1,0
"June","KWT","Tourism from Portugal and Germany increases. In both cases there is a lot of difference between ammount of bookings from City and Resort Hotel.",0,1
"June","MLT","Tourism from Portugal and Germany increases. In both cases there is a lot of difference between ammount of bookings from City and Resort Hotel.",1,0
"June","OMN","Tourism from Portugal and Germany increases. In both cases there is a lot of difference between ammount of bookings from City and Resort Hotel.",1,0
"June","PER","Tourism from Portugal and Germany increases. In both cases there is a lot of difference between ammount of bookings from City and Resort Hotel.",1,0
"June","PRY","Tourism from Portugal and Germany increases. In both cases there is a lot of difference between ammount of bookings from City and Resort Hotel.",1,0
"June","QAT","Tourism from Portugal and Germany increases. In both cases there is a lot of difference between ammount of bookings from City and Resort Hotel.",1,0
"June","SAU","Tourism from Portugal and Germany increases. In both cases there is a lot of difference between ammount of bookings from City and Resort Hotel.",0,1
"June","SGP","Tourism from Portugal and Germany increases. In both cases there is a lot of difference between ammount of bookings from City and Resort Hotel.",1,0
"June","SYC","Tourism from Portugal and Germany increases. In both cases there is a lot of difference between ammount of bookings from City and Resort Hotel.",1,0
"June","TMP","Tourism from Portugal and Germany increases. In both cases there is a lot of difference between ammount of bookings from City and Resort Hotel.",1,0
"June","TWN","Tourism from Portugal and Germany increases. In both cases there is a lot of difference between ammount of bookings from City and Resort Hotel.",1,0
"June","UKR","Tourism from Portugal and Germany increases. In both cases there is a lot of difference between ammount of bookings from City and Resort Hotel.",1,0
"March","ALB","Spain and Great Britain have started making more reservations and Germany's bookings are closing in on the ammount French has made.<br><br>The sudden increase in Spain can be explained by the fact that on 2016 the timing of <a href=""https://www.eltiempo.es/noticias/semana-santa-2016-cuando-cae-y-por-que-se-adelanta"">Easter</a> was earlier than usual, so we should expect a decrease on the following months",0,1
"March","ARM","Spain and Great Britain have started making more reservations and Germany's bookings are closing in on the ammount French has made.<br><br>The sudden increase in Spain can be explained by the fact that on 2016 the timing of <a href=""https://www.eltiempo.es/noticias/semana-santa-2016-cuando-cae-y-por-que-se-adelanta"">Easter</a> was earlier than usual, so we should expect a decrease on the following months",1,0
"March","AZE","Spain and Great Britain have started making more reservations and Germany's bookings are closing in on the ammount French has made.<br><br>The sudden increase in Spain can be explained by the fact that on 2016 the timing of <a href=""https://www.eltiempo.es/noticias/semana-santa-2016-cuando-cae-y-por-que-se-adelanta"">Easter</a> was earlier than usual, so we should expect a decrease on the following months",1,0
"March","CUB","Spain and Great Britain have started making more reservations and Germany's bookings are closing in on the ammount French has made.<br><br>The sudden increase in Spain can be explained by the fact that on 2016 the timing of <a href=""https://www.eltiempo.es/noticias/semana-santa-2016-cuando-cae-y-por-que-se-adelanta"">Easter</a> was earlier than usual, so we should expect a decrease on the following months",0,1
"March","DOM","Spain and Great Britain have started making more reservations and Germany's bookings are closing in on the ammount French has made.<br><br>The sudden increase in Spain can be explained by the fact that on 2016 the timing of <a href=""https://www.eltiempo.es/noticias/semana-santa-2016-cuando-cae-y-por-que-se-adelanta"">Easter</a> was earlier than usual, so we should expect a decrease on the following months",0,1
"March","EST","Spain and Great Britain have started making more reservations and Germany's bookings are closing in on the ammount French has made.<br><br>The sudden increase in Spain can be explained by the fact that on 2016 the timing of <a href=""https://www.eltiempo.es/noticias/semana-santa-2016-cuando-cae-y-por-que-se-adelanta"">Easter</a> was earlier than usual, so we should expect a decrease on the following months",1,0
"March","HRV","Spain and Great Britain have started making more reservations and Germany's bookings are closing in on the ammount French has made.<br><br>The sudden increase in Spain can be explained by the fact that on 2016 the timing of <a href=""https://www.eltiempo.es/noticias/semana-santa-2016-cuando-cae-y-por-que-se-adelanta"">Easter</a> was earlier than usual, so we should expect a decrease on the following months",1,0
"March","IDN","Spain and Great Britain have started making more reservations and Germany's bookings are closing in on the ammount French has made.<br><br>The sudden increase in Spain can be explained by the fact that on 2016 the timing of <a href=""https://www.eltiempo.es/noticias/semana-santa-2016-cuando-cae-y-por-que-se-adelanta"">Easter</a> was earlier than usual, so we should expect a decrease on the following months",1,0
"March","JOR","Spain and Great Britain have started making more reservations and Germany's bookings are closing in on the ammount French has made.<br><br>The sudden increase in Spain can be explained by the fact that on 2016 the timing of <a href=""https://www.eltiempo.es/noticias/semana-santa-2016-cuando-cae-y-por-que-se-adelanta"">Easter</a> was earlier than usual, so we should expect a decrease on the following months",0,1
"March","KAZ","Spain and Great Britain have started making more reservations and Germany's bookings are closing in on the ammount French has made.<br><br>The sudden increase in Spain can be explained by the fact that on 2016 the timing of <a href=""https://www.eltiempo.es/noticias/semana-santa-2016-cuando-cae-y-por-que-se-adelanta"">Easter</a> was earlier than usual, so we should expect a decrease on the following months",1,0
"March","SVK","Spain and Great Britain have started making more reservations and Germany's bookings are closing in on the ammount French has made.<br><br>The sudden increase in Spain can be explained by the fact that on 2016 the timing of <a href=""https://www.eltiempo.es/noticias/semana-santa-2016-cuando-cae-y-por-que-se-adelanta"">Easter</a> was earlier than usual, so we should expect a decrease on the following months",1,0
"March","SVN","Spain and Great Britain have started making more reservations and Germany's bookings are closing in on the ammount French has made.<br><br>The sudden increase in Spain can be explained by the fact that on 2016 the timing of <a href=""https://www.eltiempo.es/noticias/semana-santa-2016-cuando-cae-y-por-que-se-adelanta"">Easter</a> was earlier than usual, so we should expect a decrease on the following months",1,0
"March","SYR","Spain and Great Britain have started making more reservations and Germany's bookings are closing in on the ammount French has made.<br><br>The sudden increase in Spain can be explained by the fact that on 2016 the timing of <a href=""https://www.eltiempo.es/noticias/semana-santa-2016-cuando-cae-y-por-que-se-adelanta"">Easter</a> was earlier than usual, so we should expect a decrease on the following months",0,1
"March","THA","Spain and Great Britain have started making more reservations and Germany's bookings are closing in on the ammount French has made.<br><br>The sudden increase in Spain can be explained by the fact that on 2016 the timing of <a href=""https://www.eltiempo.es/noticias/semana-santa-2016-cuando-cae-y-por-que-se-adelanta"">Easter</a> was earlier than usual, so we should expect a decrease on the following months",0,1
"March","UGA","Spain and Great Britain have started making more reservations and Germany's bookings are closing in on the ammount French has made.<br><br>The sudden increase in Spain can be explained by the fact that on 2016 the timing of <a href=""https://www.eltiempo.es/noticias/semana-santa-2016-cuando-cae-y-por-que-se-adelanta"">Easter</a> was earlier than usual, so we should expect a decrease on the following months",0,1
"March","VEN","Spain and Great Britain have started making more reservations and Germany's bookings are closing in on the ammount French has made.<br><br>The sudden increase in Spain can be explained by the fact that on 2016 the timing of <a href=""https://www.eltiempo.es/noticias/semana-santa-2016-cuando-cae-y-por-que-se-adelanta"">Easter</a> was earlier than usual, so we should expect a decrease on the following months",1,0
"March","ZAF","Spain and Great Britain have started making more reservations and Germany's bookings are closing in on the ammount French has made.<br><br>The sudden increase in Spain can be explained by the fact that on 2016 the timing of <a href=""https://www.eltiempo.es/noticias/semana-santa-2016-cuando-cae-y-por-que-se-adelanta"">Easter</a> was earlier than usual, so we should expect a decrease on the following months",1,0
"May","ARM","Great Britain becomes again the country with most Resort Hotel Bookings.",0,1
"May","BDI","Great Britain becomes again the country with most Resort Hotel Bookings.",0,1
"May","BGR","Great Britain becomes again the country with most Resort Hotel Bookings.",1,0
"May","CMR","Great Britain becomes again the country with most Resort Hotel Bookings.",1,0
"May","GRC","Great Britain becomes again the country with most Resort Hotel Bookings.",1,0
"May","IRN","Great Britain becomes again the country with most Resort Hotel Bookings.",1,0
"May","JAM","Great Britain becomes again the country with most Resort Hotel Bookings.",0,1
"May","KAZ","Great Britain becomes again the country with most Resort Hotel Bookings.",1,0
"May","OMN","Great Britain becomes again the country with most Resort Hotel Bookings.",0,1
"May","PAK","Great Britain becomes again the country with most Resort Hotel Bookings.",1,0
"May","TUN","Great Britain becomes again the country with most Resort Hotel Bookings.",1,0
"May","TWN","Great Britain becomes again the country with most Resort Hotel Bookings.",1,0
"May","VEN","Great Britain becomes again the country with most Resort Hotel Bookings.",1,0
"May","ZAF","Great Britain becomes again the country with most Resort Hotel Bookings.",1,0
"November","CHL","Lisbon becomes the venue for the Web Summit, the unmissable “tech and internet” event that has been running since 2009. For the first five years, the event was held in Dublin, Ireland. From 2016, Lisbon, Portugal, was chosen to host the event.<br><br>However this did not translate into an increase in bookings as the ammount of bookings for each country has decreased with respect to the previous month.",1,0
"November","CIV","Lisbon becomes the venue for the Web Summit, the unmissable “tech and internet” event that has been running since 2009. For the first five years, the event was held in Dublin, Ireland. From 2016, Lisbon, Portugal, was chosen to host the event.<br><br>However this did not translate into an increase in bookings as the ammount of bookings for each country has decreased with respect to the previous month.",1,0
"November","EGY","Lisbon becomes the venue for the Web Summit, the unmissable “tech and internet” event that has been running since 2009. For the first five years, the event was held in Dublin, Ireland. From 2016, Lisbon, Portugal, was chosen to host the event.<br><br>However this did not translate into an increase in bookings as the ammount of bookings for each country has decreased with respect to the previous month.",1,0
"November","ISL","Lisbon becomes the venue for the Web Summit, the unmissable “tech and internet” event that has been running since 2009. For the first five years, the event was held in Dublin, Ireland. From 2016, Lisbon, Portugal, was chosen to host the event.<br><br>However this did not translate into an increase in bookings as the ammount of bookings for each country has decreased with respect to the previous month.",1,0
"November","KWT","Lisbon becomes the venue for the Web Summit, the unmissable “tech and internet” event that has been running since 2009. For the first five years, the event was held in Dublin, Ireland. From 2016, Lisbon, Portugal, was chosen to host the event.<br><br>However this did not translate into an increase in bookings as the ammount of bookings for each country has decreased with respect to the previous month.",1,0
"November","SRB","Lisbon becomes the venue for the Web Summit, the unmissable “tech and internet” event that has been running since 2009. For the first five years, the event was held in Dublin, Ireland. From 2016, Lisbon, Portugal, was chosen to host the event.<br><br>However this did not translate into an increase in bookings as the ammount of bookings for each country has decreased with respect to the previous month.",1,0
"October","ATA","MAAT, the Museum of Art, Architecture and Technology opens in Lisbon. A museum located on the banks of the Tagus and easily recognizable with its futuristic building with white corrugated roof.<br><br>This increased the ammount of bookings from Great Britain, Germany, France and Spain. Being Great Britain the only foreign country that has booked more rooms in Resort Hotel than in City Hotel.",1,0
"October","CHL","MAAT, the Museum of Art, Architecture and Technology opens in Lisbon. A museum located on the banks of the Tagus and easily recognizable with its futuristic building with white corrugated roof.<br><br>This increased the ammount of bookings from Great Britain, Germany, France and Spain. Being Great Britain the only foreign country that has booked more rooms in Resort Hotel than in City Hotel.",0,1
"October","COL","MAAT, the Museum of Art, Architecture and Technology opens in Lisbon. A museum located on the banks of the Tagus and easily recognizable with its futuristic building with white corrugated roof.<br><br>This increased the ammount of bookings from Great Britain, Germany, France and Spain. Being Great Britain the only foreign country that has booked more rooms in Resort Hotel than in City Hotel.",0,1
"October","DOM","MAAT, the Museum of Art, Architecture and Technology opens in Lisbon. A museum located on the banks of the Tagus and easily recognizable with its futuristic building with white corrugated roof.<br><br>This increased the ammount of bookings from Great Britain, Germany, France and Spain. Being Great Britain the only foreign country that has booked more rooms in Resort Hotel than in City Hotel.",1,0
"October","GAB","MAAT, the Museum of Art, Architecture and Technology opens in Lisbon. A museum located on the banks of the Tagus and easily recognizable with its futuristic building with white corrugated roof.<br><br>This increased the ammount of bookings from Great Britain, Germany, France and Spain. Being Great Britain the only foreign country that has booked more rooms in Resort Hotel than in City Hotel.",1,0
"October","GUY","MAAT, the Museum of Art, Architecture and Technology opens in Lisbon. A museum located on the banks of the Tagus and easily recognizable with its futuristic building with white corrugated roof.<br><br>This increased the ammount of bookings from Great Britain, Germany, France and Spain. Being Great Britain the only foreign country that has booked more rooms in Resort Hotel than in City Hotel.",1,0
"October","HRV","MAAT, the Museum of Art, Architecture and Technology opens in Lisbon. A museum located on the banks of the Tagus and easily recognizable with its futuristic building with white corrugated roof.<br><br>This increased the ammount of bookings from Great Britain, Germany, France and Spain. Being Great Britain the only foreign country that has booked more rooms in Resort Hotel than in City Hotel.",1,0
"October","JOR","MAAT, the Museum of Art, Architecture and Technology opens in Lisbon. A museum located on the banks of the Tagus and easily recognizable with its futuristic building with white corrugated roof.<br><br>This increased the ammount of bookings from Great Britain, Germany, France and Spain. Being Great Britain the only foreign country that has booked more rooms in Resort Hotel than in City Hotel.",1,0
"October","KWT","MAAT, the Museum of Art, Architecture and Technology opens in Lisbon. A museum located on the banks of the Tagus and easily recognizable with its futuristic building with white corrugated roof.<br><br>This increased the ammount of bookings from Great Britain, Germany, France and Spain. Being Great Britain the only foreign country that has booked more rooms in Resort Hotel than in City Hotel.",1,0
"October","LCA","MAAT, the Museum of Art, Architecture and Technology opens in Lisbon. A museum located on the banks of the Tagus and easily recognizable with its futuristic building with white corrugated roof.<br><br>This increased the ammount of bookings from Great Britain, Germany, France and Spain. Being Great Britain the only foreign country that has booked more rooms in Resort Hotel than in City Hotel.",1,0
"October","LVA","MAAT, the Museum of Art, Architecture and Technology opens in Lisbon. A museum located on the banks of the Tagus and easily recognizable with its futuristic building with white corrugated roof.<br><br>This increased the ammount of bookings from Great Britain, Germany, France and Spain. Being Great Britain the only foreign country that has booked more rooms in Resort Hotel than in City Hotel.",0,1
"October","MDV","MAAT, the Museum of Art, Architecture and Technology opens in Lisbon. A museum located on the banks of the Tagus and easily recognizable with its futuristic building with white corrugated roof.<br><br>This increased the ammount of bookings from Great Britain, Germany, France and Spain. Being Great Britain the only foreign country that has booked more rooms in Resort Hotel than in City Hotel.",0,1
"October","MEX","MAAT, the Museum of Art, Architecture and Technology opens in Lisbon. A museum located on the banks of the Tagus and easily recognizable with its futuristic building with white corrugated roof.<br><br>This increased the ammount of bookings from Great Britain, Germany, France and Spain. Being Great Britain the only foreign country that has booked more rooms in Resort Hotel than in City Hotel.",1,0
"October","MYS","MAAT, the Museum of Art, Architecture and Technology opens in Lisbon. A museum located on the banks of the Tagus and easily recognizable with its futuristic building with white corrugated roof.<br><br>This increased the ammount of bookings from Great Britain, Germany, France and Spain. Being Great Britain the only foreign country that has booked more rooms in Resort Hotel than in City Hotel.",1,0
"October","NGA","MAAT, the Museum of Art, Architecture and Technology opens in Lisbon. A museum located on the banks of the Tagus and easily recognizable with its futuristic building with white corrugated roof.<br><br>This increased the ammount of bookings from Great Britain, Germany, France and Spain. Being Great Britain the only foreign country that has booked more rooms in Resort Hotel than in City Hotel.",1,0
"October","PHL","MAAT, the Museum of Art, Architecture and Technology opens in Lisbon. A museum located on the banks of the Tagus and easily recognizable with its futuristic building with white corrugated roof.<br><br>This increased the ammount of bookings from Great Britain, Germany, France and Spain. Being Great Britain the only foreign country that has booked more rooms in Resort Hotel than in City Hotel.",1,0
"October","RWA","MAAT, the Museum of Art, Architecture and Technology opens in Lisbon. A museum located on the banks of the Tagus and easily recognizable with its futuristic building with white corrugated roof.<br><br>This increased the ammount of bookings from Great Britain, Germany, France and Spain. Being Great Britain the only foreign country that has booked more rooms in Resort Hotel than in City Hotel.",1,0
"October","SGP","MAAT, the Museum of Art, Architecture and Technology opens in Lisbon. A museum located on the banks of the Tagus and easily recognizable with its futuristic building with white corrugated roof.<br><br>This increased the ammount of bookings from Great Britain, Germany, France and Spain. Being Great Britain the only foreign country that has booked more rooms in Resort Hotel than in City Hotel.",1,0
"October","SUR","MAAT, the Museum of Art, Architecture and Technology opens in Lisbon. A museum located on the banks of the Tagus and easily recognizable with its futuristic building with white corrugated roof.<br><br>This increased the ammount of bookings from Great Britain, Germany, France and Spain. Being Great Britain the only foreign country that has booked more rooms in Resort Hotel than in City Hotel.",0,1
"October","SVK","MAAT, the Museum of Art, Architecture and Technology opens in Lisbon. A museum located on the banks of the Tagus and easily recognizable with its futuristic building with white corrugated roof.<br><br>This increased the ammount of bookings from Great Britain, Germany, France and Spain. Being Great Britain the only foreign country that has booked more rooms in Resort Hotel than in City Hotel.",1,0
"September","BGR","The ammount of bookings from portugal have decreased to the point that this is the first month in all the plot where it is not the country with more bookings.<br><br>On the other hand, the ammount of bookings from Great Britain have increased.",1,0
"September","CAF","The ammount of bookings from portugal have decreased to the point that this is the first month in all the plot where it is not the country with more bookings.<br><br>On the other hand, the ammount of bookings from Great Britain have increased.",0,1
"September","GAB","The ammount of bookings from portugal have decreased to the point that this is the first month in all the plot where it is not the country with more bookings.<br><br>On the other hand, the ammount of bookings from Great Britain have increased.",1,0
"September","HRV","The ammount of bookings from portugal have decreased to the point that this is the first month in all the plot where it is not the country with more bookings.<br><br>On the other hand, the ammount of bookings from Great Britain have increased.",0,1
"September","IRQ","The ammount of bookings from portugal have decreased to the point that this is the first month in all the plot where it is not the country with more bookings.<br><br>On the other hand, the ammount of bookings from Great Britain have increased.",1,0
"September","ISL","The ammount of bookings from portugal have decreased to the point that this is the first month in all the plot where it is not the country with more bookings.<br><br>On the other hand, the ammount of bookings from Great Britain have increased.",1,0
"September","KAZ","The ammount of bookings from portugal have decreased to the point that this is the first month in all the plot where it is not the country with more bookings.<br><br>On the other hand, the ammount of bookings from Great Britain have increased.",1,0
"September","LBN","The ammount of bookings from portugal have decreased to the point that this is the first month in all the plot where it is not the country with more bookings.<br><br>On the other hand, the ammount of bookings from Great Britain have increased.",1,0
"September","LIE","The ammount of bookings from portugal have decreased to the point that this is the first month in all the plot where it is not the country with more bookings.<br><br>On the other hand, the ammount of bookings from Great Britain have increased.",1,0
"September","MYS","The ammount of bookings from portugal have decreased to the point that this is the first month in all the plot where it is not the country with more bookings.<br><br>On the other hand, the ammount of bookings from Great Britain have increased.",1,0
"September","NGA","The ammount of bookings from portugal have decreased to the point that this is the first month in all the plot where it is not the country with more bookings.<br><br>On the other hand, the ammount of bookings from Great Britain have increased.",0,1
"September","PRI","The ammount of bookings from portugal have decreased to the point that this is the first month in all the plot where it is not the country with more bookings.<br><br>On the other hand, the ammount of bookings from Great Britain have increased.",0,1
"September","PYF","The ammount of bookings from portugal have decreased to the point that this is the first month in all the plot where it is not the country with more bookings.<br><br>On the other hand, the ammount of bookings from Great Britain have increased.",1,0
"September","SEN","The ammount of bookings from portugal have decreased to the point that this is the first month in all the plot where it is not the country with more bookings.<br><br>On the other hand, the ammount of bookings from Great Britain have increased.",1,0
"September","SUR","The ammount of bookings from portugal have decreased to the point that this is the first month in all the plot where it is not the country with more bookings.<br><br>On the other hand, the ammount of bookings from Great Britain have increased.",0,1
"September","SVN","The ammount of bookings from portugal have decreased to the point that this is the first month in all the plot where it is not the country with more bookings.<br><br>On the other hand, the ammount of bookings from Great Britain have increased.",1,0
"September","TUN","The ammount of bookings from portugal have decreased to the point that this is the first month in all the plot where it is not the country with more bookings.<br><br>On the other hand, the ammount of bookings from Great Britain have increased.",1,0
"September","UGA","The ammount of bookings from portugal have decreased to the point that this is the first month in all the plot where it is not the country with more bookings.<br><br>On the other hand, the ammount of bookings from Great Britain have increased.",1,0
"September","URY","The ammount of bookings from portugal have decreased to the point that this is the first month in all the plot where it is not the country with more bookings.<br><br>On the other hand, the ammount of bookings from Great Britain have increased.",1,0
"September","VNM","The ammount of bookings from portugal have decreased to the point that this is the first month in all the plot where it is not the country with more bookings.<br><br>On the other hand, the ammount of bookings from Great Britain have increased.",1,0
